Season,League,Club,Number,Name,Nat,Pos,Height,Weight,Date of Birth,Birth Place,Previous Club,New Club
2011,a001,Bayer Leverkusen,1,René Adler,GER,G,1.9,85,15-01-85,Leipzig,None,
2011,a001,Bayer Leverkusen,2,Daniel Schwaab,GER,D,1.86,75,23-08-88,Waldkirch,Freiburg,
2011,a001,Bayer Leverkusen,3,Stefan Reinartz,GER,D,1.88,75,01-01-89,Engelskirchen,None,
2011,a001,Bayer Leverkusen,4,Sami Hyypiä,FIN,D,1.92,85,07-10-73,Porvoo,Liverpool,
2011,a001,Bayer Leverkusen,5,Manuel Friedrich,GER,D,1.89,82,13-09-79,Bad Kreuznach,Mainz,
2011,a001,Bayer Leverkusen,6,Simon Rolfes,GER,M,1.89,82,21-01-82,Ibbenbüren,Alemannia Aachen,
2011,a001,Bayer Leverkusen,7,Tranquillo Barnetta,SUI,M,1.78,69,22-05-85,Rotmonten,St Gallen,
2011,a001,Bayer Leverkusen,8,Lars Bender,GER,M,1.84,77,27-04-89,Rosenheim,1860 Munich,
2011,a001,Bayer Leverkusen,10,Renato Augusto,BRA,M,1.85,81,08-02-88,Rio de Janeiro,Flamengo,
2011,a001,Bayer Leverkusen,11,Stephan Kießling,GER,F,1.9,80,25-01-84,Lichtenfels,Nürnberg,
2011,a001,Bayer Leverkusen,13,Michael Ballack,GER,M,1.88,85,26-09-76,Chemnitz,Chelsea,
2011,a001,Bayer Leverkusen,14,Hanno Balitsch,GER,M,1.81,73,02-01-81,Darmstadt,Hannover 96,
2011,a001,Bayer Leverkusen,15,Tobias Haitz,GER,D,1.87,79,12-02-92,Aachen,None,
2011,a001,Bayer Leverkusen,17,Domagoj Vida,CRO,D,1.82,70,29-04-89,Osijek,Osijek,
2011,a001,Bayer Leverkusen,18,Sidney Sam,GER,M,1.74,66,31-01-88,Kiel,Hamburg,
2011,a001,Bayer Leverkusen,19,Eren Derdiyok,SUI,F,1.9,83,12-06-88,Basel,Basel,
2011,a001,Bayer Leverkusen,20,Danny da Costa,GER,D,1.75,70,13-07-93,Neuss,None,
2011,a001,Bayer Leverkusen,22,Benedikt Fernandez,GER,G,1.84,81,08-01-85,Bonn,None,
2011,a001,Bayer Leverkusen,23,Arturo Vidal,CHI,D,1.81,74,22-05-87,Santiago,Colo-Colo,
2011,a001,Bayer Leverkusen,24,Michal Kadlec,CZE,D,1.83,75,13-12-84,Vyškov,Sparta Prague,
2011,a001,Bayer Leverkusen,26,Kevin Kampl,SVN,M,1.8,63,09-10-90,Solingen,None,
2011,a001,Bayer Leverkusen,27,Gonzalo Castro,GER,D,1.7,74,11-06-87,Wuppertal,None,
2011,a001,Bayer Leverkusen,31,Nicolai Jørgensen,DEN,F,1.9,83,15-01-91,Fredericia,AB København,
2011,a001,Bayer Leverkusen,32,Julian Riedel,GER,D,1.83,73,10-08-91,Leverkusen,None,
2011,a001,Bayer Leverkusen,33,Tomasz Bobel,POL,G,1.87,74,29-12-74,Wroclaw,Neftchi Baku,
2011,a001,Bayer Leverkusen,36,Fabian Giefer,GER,G,1.96,86,17-05-90,Adenau,None,
2011,a001,Bayer Leverkusen,21,Marcel Risse,GER,M,1.83,78,17-12-89,Cologne,,Mainz (On Loan)
2011,a001,Bayer Leverkusen,15,Hans Sarpei,GHA,D,1.78,71,28-06-76,Tema,,Schalke
2011,a001,Bayer Leverkusen,28,Burak Kaplan,TUR,M,1.68,64,01-02-90,Kalk,,Greuther Fürth (On Loan)
2011,a001,Bayer Leverkusen,9,Patrick Helmes,GER,F,1.82,70,01-03-84,Cologne,,Wolfsburg
2011,a001,Bayern Munich,1,Hans-Jörg Butt,GER,G,1.91,91,28-05-74,Oldenburg,Benfica,
2011,a001,Bayern Munich,2,Breno,BRA,D,1.87,83,13-10-89,Cruzeiro,São Paulo,
2011,a001,Bayern Munich,5,Daniel van Buyten,BEL,D,1.96,96,07-02-78,Chimay,Hamburg,
2011,a001,Bayern Munich,7,Franck Ribéry,FRA,M,1.7,73,01-04-83,Boulogne-sur-Mer,Marseille,
2011,a001,Bayern Munich,8,Hamit Altıntop,TUR,M,1.83,82,08-12-82,Gelsenkirchen,Schalke,
2011,a001,Bayern Munich,10,Arjen Robben,NED,F,1.81,75,23-01-84,Bedum,Real Madrid,
2011,a001,Bayern Munich,11,Ivica Olić,CRO,F,1.81,85,14-09-79,Davor,Hamburg,
2011,a001,Bayern Munich,16,Andreas Ottl,GER,M,1.85,77,01-03-85,Munich,None,
2011,a001,Bayern Munich,18,Miroslav Klose,GER,F,1.82,81,09-06-78,Opole,Werder Bremen,
2011,a001,Bayern Munich,21,Philipp Lahm,GER,D,1.7,62,11-11-83,Munich,None,
2011,a001,Bayern Munich,22,Rouven Sattelmaier,GER,G,1.86,85,07-08-87,Ludwigsburg,Jahn Regensburg,
2011,a001,Bayern Munich,23,Danijel Pranjić,CRO,M,1.72,67,02-12-81,Našice,SC Heerenveen,
2011,a001,Bayern Munich,25,Thomas Müller,GER,M,1.86,74,13-09-89,Weilheim in Oberbayern,None,
2011,a001,Bayern Munich,26,Diego Contento,ITA,D,1.76,70,01-05-90,Munich,None,
2011,a001,Bayern Munich,28,Holger Badstuber,GER,D,1.89,78,13-03-89,Memmingen,None,
2011,a001,Bayern Munich,30,Luiz Gustavo,BRA,M,1.87,82,23-07-87,Pindamonhangaba,1899 Hoffenheim,
2011,a001,Bayern Munich,31,Bastian Schweinsteiger,GER,M,1.83,79,01-08-84,Kolbermoor,1860 Rosenheim,
2011,a001,Bayern Munich,33,Mario Gómez,GER,F,1.89,84,10-07-85,Riedlingen,Stuttgart,
2011,a001,Bayern Munich,34,Nicolas Jüllich,GER,M,1.82,70,27-03-90,Heidelberg,Waldhof Mannheim,
2011,a001,Bayern Munich,35,Thomas Kraft,GER,G,1.85,78,22-07-88,Kirchen (Sieg),None,
2011,a001,Bayern Munich,37,Nicola Sansone,ITA,F,1.75,63,10-09-91,Foggia,None,
2011,a001,Bayern Munich,39,Toni Kroos,GER,M,1.82,71,04-01-90,Greifswald,Hansa Rostock,
2011,a001,Bayern Munich,44,Anatoliy Tymoshchuk,UKR,M,1.81,75,30-03-79,Lutsk,Zenit St Petersburg,
2011,a001,Bayern Munich,20,José Ernesto Sosa,ARG,M,1.82,77,19-06-85,Carcarañá,,Napoli
2011,a001,Bayern Munich,6,Martin Demichelis,ARG,D,1.84,78,20-12-80,Justiniano Posse,,Málaga (On Loan)
2011,a001,Bayern Munich,27,David Alaba,AUT,M,1.75,70,24-06-92,Vienna,,1899 Hoffenheim (On Loan)
2011,a001,Bayern Munich,17,Mark van Bommel,NED,M,1.87,85,22-04-77,Maasbracht,,Milan
2011,a001,Bayern Munich,29,Christoph Knasmüllner,AUT,M,1.82,70,30-04-92,Vienna,,Internazionale
2011,a001,Bayern Munich,4,Edson Braafheid,NED,D,1.76,71,08-04-83,Paramaribo,,1899 Hoffenheim
2011,a001,Bayern Munich,32,Maximilian Haas,GER,M,1.9,74,07-12-85,Freising,,Middlesbrough
2011,a001,Borussia Dortmund,1,Roman Weidenfeller,GER,G,1.88,85,06-08-80,Dietz,Kaiserslautern,
2011,a001,Borussia Dortmund,2,Lasse Sobiech,GER,D,1.85,74,18-01-91,Schwerte,None,
2011,a001,Borussia Dortmund,4,Neven Subotić,SRB,D,1.93,88,10-12-88,Banja Luka,Mainz,
2011,a001,Borussia Dortmund,5,Sebastian Kehl,GER,M,1.88,80,13-02-80,Fulda,Freiburg,
2011,a001,Borussia Dortmund,6,Florian Kringe,GER,M,1.87,83,18-08-82,Siegen,Sportfreunde Siegen,
2011,a001,Borussia Dortmund,7,Robert Lewandowski,POL,F,1.81,79,21-08-88,Warsaw,Lech Poznań,
2011,a001,Borussia Dortmund,8,Nuri Şahin,TUR,M,1.8,73,05-09-88,Lüdenscheid,None,
2011,a001,Borussia Dortmund,10,Mohamed Zidan,EGY,F,1.72,71,11-12-81,Port Said,Hamburg,
2011,a001,Borussia Dortmund,13,Damien Le Tallec,FRA,F,1.84,73,14-10-90,Poissy,Rennes,
2011,a001,Borussia Dortmund,14,Markus Feulner,GER,M,1.81,77,12-02-82,Scheßlitz,Mainz,
2011,a001,Borussia Dortmund,15,Mats Hummels,GER,D,1.92,90,16-12-88,Bensberg,Bayern Munich,
2011,a001,Borussia Dortmund,16,Jakub Błaszczykowski,POL,M,1.75,71,14-12-85,Częstochowa,Wisła Kraków,
2011,a001,Borussia Dortmund,17,Dedê,BRA,D,1.76,69,18-04-78,Belo Horizonte,Atlético Mineiro,
2011,a001,Borussia Dortmund,18,Lucas Barrios,PAR,F,1.87,87,13-11-84,San Fernando,Colo-Colo,
2011,a001,Borussia Dortmund,19,Kevin Großkreutz,GER,D,1.86,70,19-07-88,Dortmund,RW Ahlen,
2011,a001,Borussia Dortmund,20,Mitchell Langerak,AUS,G,1.91,77,22-08-88,Emerald,Melbourne Victory,
2011,a001,Borussia Dortmund,22,Sven Bender,GER,M,1.85,72,27-04-89,Rosenheim,1860 Munich,
2011,a001,Borussia Dortmund,23,Shinji Kagawa,JPN,M,1.72,63,17-03-89,Hyogo,Cerezo Osaka,
2011,a001,Borussia Dortmund,25,Patrick Owomoyela,GER,D,1.87,80,05-11-79,Hamburg,Werder Bremen,
2011,a001,Borussia Dortmund,26,Łukasz Piszczek,POL,D,1.84,73,03-06-85,Czechowice- Dziedzice,Hertha Berlin,
2011,a001,Borussia Dortmund,27,Felipe Santana,BRA,D,1.94,80,17-03-86,Rio Claro,Figueirense,
2011,a001,Borussia Dortmund,28,Daniel Ginczek,GER,F,1.9,78,13-04-91,Arnsberg,Neheim,
2011,a001,Borussia Dortmund,29,Marcel Schmelzer,GER,D,1.81,74,22-01-88,Magdeburg,Magdeburg,
2011,a001,Borussia Dortmund,31,Mario Götze,GER,M,1.76,64,03-06-92,Memmingen,None,
2011,a001,Borussia Dortmund,32,Antonio da Silva,BRA,M,1.76,76,13-06-78,Rio de Janeiro,Karlsruhe,
2011,a001,Borussia Dortmund,39,Marco Stiepermann,GER,F,1.8,75,09-02-91,Dortmund,None,
2011,a001,Borussia Dortmund,41,Johannes Focher,GER,G,1.92,81,20-01-90,Hamm,None,
2011,a001,Borussia Dortmund,44,Marc Hornschuh,GER,D,1.87,73,02-03-91,Dortmund,None,
2011,a001,Borussia Dortmund,11,Dimitar Rangelov,BUL,F,1.83,80,09-02-83,Sofia,,Maccabi Tel Aviv (On Loan)
2011,a001,Borussia Dortmund,36,Yasin Öztekin,TUR,M,1.78,64,19-03-87,Dortmund,,Gençlerbirliği
2011,a001,Borussia Dortmund,30,Tamás Hajnal,HUN,M,1.7,68,15-03-81,Esztergom,,Stuttgart (On Loan)
2011,a001,Borussia Mönchengladbach,1,Christofer Heimeroth,GER,G,1.94,91,01-08-81,Unna,Schalke,
2011,a001,Borussia Mönchengladbach,2,Sebastian Schachten,GER,M,1.9,82,6-11-84,Bad Karlshafen,Werder Bremen,
2011,a001,Borussia Mönchengladbach,3,Filip Daems,BEL,D,1.81,79,31-10-78,Turnhout,Genēlerbirliği,
2011,a001,Borussia Mönchengladbach,4,Roel Brouwers,NED,D,1.9,81,28-11-81,Heerlen,Paderborn,
2011,a001,Borussia Mönchengladbach,5,Anderson,BRA,D,1.88,76,10-01-88,Sćo Gonēalo,Tombense,
2011,a001,Borussia Mönchengladbach,6,Michael Fink,GER,M,1.83,76,01-02-82,Waiblingen,Beşiktaş,
2011,a001,Borussia Mönchengladbach,7,Paul Stalteri,CAN,D,1.81,77,18-10-77,Etobicoke,Tottenham H,
2011,a001,Borussia Mönchengladbach,10,Igor De Camargo,BRA,F,1.87,75,12-05-83,Porto Feliz,Standard Ličge,
2011,a001,Borussia Mönchengladbach,11,Marco Reus,GER,M,1.8,75,31-05-89,Dortmund,RW Ahlen,
2011,a001,Borussia Mönchengladbach,13,Roman Neustädter,GER,M,1.9,82,18-02-88,Dnipropetrovsk,Mainz,
2011,a001,Borussia Mönchengladbach,14,Thorben Marx,GER,M,1.84,83,01-06-81,Berlin,Arminia Bielefeld,
2011,a001,Borussia Mönchengladbach,15,Patrick Herrmann,GER,M,1.79,69,12-02-91,Saarbrücken,Saarbrücken,
2011,a001,Borussia Mönchengladbach,16,Håvard Nordtveit,NOR,D,1.86,72,21-06-90,Vats,Arsenal,
2011,a001,Borussia Mönchengladbach,17,Bernhard Janeczek,AUT,D,1.85,82,10-03-92,Vienna,Rapid Vienna,
2011,a001,Borussia Mönchengladbach,18,Juan Arango,VEN,M,1.79,74,17-05-80,Maracay,Mallorca,
2011,a001,Borussia Mönchengladbach,19,Mike Hanke,GER,F,1.83,75,05-11-83,Hamm/Westphalia,Hannover 96,
2011,a001,Borussia Mönchengladbach,20,Jean-Sébastien Jaurčs,FRA,D,1.76,77,30-09-77,Tours,Auxerre,
2011,a001,Borussia Mönchengladbach,21,Marc-André ter Stegen,GER,G,1.85,82,30-04-92,Mönchengladbach,None,
2011,a001,Borussia Mönchengladbach,22,Tobias Levels,GER,D,1.86,81,22-11-86,St Tönis,None,
2011,a001,Borussia Mönchengladbach,23,Christian Dorda,GER,D,1.82,75,06-12-88,Mönchengladbach,None,
2011,a001,Borussia Mönchengladbach,24,Tony Jantschke,GER,M,1.77,69,07-04-90,Hoyerswerda,None,
2011,a001,Borussia Mönchengladbach,25,Mohammadou Idrissou,CMR,F,1.9,83,08-03-80,Yaoundé,Freiburg,
2011,a001,Borussia Mönchengladbach,27,Jens Wissing,GER,D,1.83,82,02-01-88,Gronau,Preußen Münster,
2011,a001,Borussia Mönchengladbach,29,Fabian Bäcker,GER,F,1.8,77,25-05-90,Rotenburg an der Fulda,None,
2011,a001,Borussia Mönchengladbach,30,Logan Bailly,BEL,G,1.9,85,27-12-85,Ličge,KRC Genk,
2011,a001,Borussia Mönchengladbach,31,Dante,BRA,D,1.87,82,18-10-83,Salvador,Standard Ličge,
2011,a001,Borussia Mönchengladbach,32,Elias Kachunga,GER,F,1.76,64,22-04-92,Cologne,None,
2011,a001,Borussia Mönchengladbach,36,Michael Stuckmann,GER,D,1.86,86,1-9-79,Bochum,Vaduz,
2011,a001,Borussia Mönchengladbach,39,Martin Stranzl,AUT,D,1.9,81,16-06-80,Güssing,Spartak Moscow,
2011,a001,Borussia Mönchengladbach,40,Karim Matmour,ALG,F,1.8,67,25-06-85,Strasbourg,Freiburg,
2011,a001,Borussia Mönchengladbach,19,Gal Alberman,ISR,M,1.79,72,17-04-83,Tel Aviv,,Maccabi Tel Aviv
2011,a001,Borussia Mönchengladbach,6,Jan-Ingwer Callsen-Bracker,GER,D,1.87,81,23-09-84,Schleswig,,Augsburg
2011,a001,Borussia Mönchengladbach,9,Raśl Bobadilla,ARG,F,1.8,82,18-06-87,Formosa,,Aris (On Loan)
2011,a001,Borussia Mönchengladbach,8,Marcel Meeuwis,NED,M,1.73,73,31-10-80,Goirle,,Feyenoord (On Loan)
2011,a001,Borussia Mönchengladbach,26,Michael Bradley,USA,M,1.85,82,31-07-87,Palatine,,Aston Villa (On Loan)
2011,a001,Eintracht Frankfurt,1,Oka Nikolov,MKD,G,1.88,86,25-05-74,Erbach,SV Darmstadt,
2011,a001,Eintracht Frankfurt,2,Patrick Ochs,GER,D,1.79,71,14-05-84,Frankfurt am Main,Bayern Munich (A),
2011,a001,Eintracht Frankfurt,4,Maik Franz,GER,D,1.9,88,05-08-81,Merseburg,Karlsruhe,
2011,a001,Eintracht Frankfurt,5,Aleksandar Vasoski,MKD,D,1.82,77,27-11-79,Skopje,Vardar Skopje,
2011,a001,Eintracht Frankfurt,7,Benjamin Köhler,GER,M,1.72,66,04-08-80,Berlin,RW Essen,
2011,a001,Eintracht Frankfurt,8,Zlatan Bajramović,BIH,M,1.82,79,12-08-79,Hamburg,Schalke,
2011,a001,Eintracht Frankfurt,10,Halil Altıntop,TUR,F,1.86,82,08-12-82,Gelsenkirchen,Schalke,
2011,a001,Eintracht Frankfurt,13,Ricardo Clark,USA,M,1.78,68,10-02-83,Atlanta,Houston Dynamo,
2011,a001,Eintracht Frankfurt,14,Alexander Meier,GER,M,1.96,84,17-01-83,Buchholz,Hamburg,
2011,a001,Eintracht Frankfurt,17,Martin Fenin,CZE,F,1.81,70,16-04-87,Cheb,Teplice,
2011,a001,Eintracht Frankfurt,18,Ioannis Amanatidis,GRE,F,1.83,80,03-12-81,Kozani,Kaiserslautern,
2011,a001,Eintracht Frankfurt,19,Kevin Kraus,GER,D,1.9,85,12-08-92,Wiesbaden,None,
2011,a001,Eintracht Frankfurt,20,Sebastian Rode,GER,M,1.79,67,11-10-90,Frankfurt am Main,Kickers Offenbach,
2011,a001,Eintracht Frankfurt,21,Theofanis Gekas,GRE,F,1.79,82,23-05-80,Larissa,Bayer Leverkusen,
2011,a001,Eintracht Frankfurt,22,Ralf Fährmann,GER,G,1.94,89,27-09-88,Karl-Marx-Stadt,Schalke,
2011,a001,Eintracht Frankfurt,23,Marco Russ,GER,D,1.9,75,04-08-85,Großauheim,None,
2011,a001,Eintracht Frankfurt,24,Sebastian Jung,GER,D,1.79,68,22-06-90,Königstein,None,
2011,a001,Eintracht Frankfurt,25,Marcel Heller,GER,F,1.73,70,19-01-86,Frechen,Sportfreunde Siegen,
2011,a001,Eintracht Frankfurt,26,Andreas Rössi,GER,G,1.87,80,20-02-88,Munich,1860 Munich II,
2011,a001,Eintracht Frankfurt,27,Pirmin Schwegler,SUI,M,1.76,74,09-03-87,Ettiswil,Bayer Leverkusen,
2011,a001,Eintracht Frankfurt,28,Sonny Kittel,GER,M,1.76,64,06-01-93,Gießen,None,
2011,a001,Eintracht Frankfurt,29,Chris,BRA,D,1.85,78,25-08-78,Blumenau,Prudentopolis,
2011,a001,Eintracht Frankfurt,30,Caio,BRA,M,1.86,82,29-05-86,Mirandópolis,Palmeiras,
2011,a001,Eintracht Frankfurt,31,Giorgos Tzavelas,GRE,D,1.83,81,26-11-87,Athens,Panionios,
2011,a001,Eintracht Frankfurt,32,Aykut Özer,TUR,G,1.89,80,01-01-93,Hanau,None,
2011,a001,Eintracht Frankfurt,36,Marcel Titsch-Rivero,GER,M,1.82,72,11-02-89,Frankfurt am Main,None,
2011,a001,Eintracht Frankfurt,39,Julian Dudda,GER,D,1.93,88,08-04-93,Bad Nauheim,None,
2011,a001,Eintracht Frankfurt,19,Habib Bellaid,ALG,D,1.89,83,28-03-86,Bobigny,,Sedan (On Loan)
2011,a001,Eintracht Frankfurt,33,Markus Steinhöfer,GER,M,1.75,69,07-03-86,Weißenburg in Bayern,,Basel
2011,a001,Eintracht Frankfurt,34,Cenk Tosun,GER,F,1.83,78,07-06-91,Wetzlar,,Gaziantepspor
2011,a001,Eintracht Frankfurt,11,Ümit Korkmaz,AUT,M,1.74,72,17-09-85,Vienna,,Bochum (On Loan)
2011,a001,Eintracht Frankfurt,35,Marcos Álvarez,GER,F,1.79,77,30-09-91,Gelnhausen,,Bayern Munich II
2011,a001,Eintracht Frankfurt,3,Nikola Petković,SRB,D,1.85,78,28-03-86,Novi Sad,,Al-Ahli [KSA] (On Loan)
2011,a001,SC Freiburg,1,Simon Pouplin,FRA,G,1.87,79,28-05-85,Cholet,Rennes,
2011,a001,SC Freiburg,2,Pavel Krmaš,CZE,D,1.93,86,03-03-80,Broumov,Teplice,
2011,a001,SC Freiburg,3,Felix Bastians,GER,M,1.88,76,09-05-88,Bochum,Young Boys,
2011,a001,SC Freiburg,5,Heiko Butscher,GER,D,1.89,86,28-07-80,Ravensburg,Bochum,
2011,a001,SC Freiburg,6,Yacine Abdessadki,MAR,M,1.75,70,01-01-81,Nice,Strasbourg,
2011,a001,SC Freiburg,7,Cédric Makiadi,COD,M,1.78,75,23-02-84,Kinshasa,Wolfsburg,
2011,a001,SC Freiburg,8,Jan Rosenthal,GER,M,1.84,76,07-04-86,Sulingen,Hannover 96,
2011,a001,SC Freiburg,9,Papiss Demba Cissé,SEN,F,1.83,73,03-06-85,Dakar,Metz,
2011,a001,SC Freiburg,10,Maximilian Nicu,GER,M,1.87,74,25-11-82,Prien am Chiemsee,Hertha Berlin,
2011,a001,SC Freiburg,11,Jonathan Jäger,FRA,F,1.74,68,23-05-78,Metz,Saarbrücken,
2011,a001,SC Freiburg,13,Tommy Bechmann,DEN,F,1.81,81,22-12-81,Aarhus,Bochum,
2011,a001,SC Freiburg,14,Zvonko Pamić,CRO,M,1.85,75,04-02-91,Pula,Bayer Leverkusen,
2011,a001,SC Freiburg,15,Oliver Barth,GER,D,1.88,80,06-10-79,Bad Cannstatt,Fortuna Düsseldorf,
2011,a001,SC Freiburg,18,Johannes Flum,GER,M,1.89,80,25-02-88,Waldshut,Pfullendorf,
2011,a001,SC Freiburg,19,Erik Jendrišek,SVK,F,1.76,74,26-10-86,Trstená,Schalke,
2011,a001,SC Freiburg,21,Anton Putsilo,BLR,M,1.8,74,23-06-87,Orsha,Dinamo Minsk,
2011,a001,SC Freiburg,22,Kisho Yano,JPN,F,1.85,74,05-04-84,Shizuoka,Albirex Niigata,
2011,a001,SC Freiburg,23,Julian Schuster,GER,M,1.9,77,15-04-85,Bietigheim-Bissingen,Stuttgart,
2011,a001,SC Freiburg,24,Mensur Mujdža,BIH,D,1.84,74,28-03-84,Zagreb,Zagreb,
2011,a001,SC Freiburg,26,Manuel Salz,GER,G,1.85,74,06-08-85,Böblingen,Stuttgarter Kickers,
2011,a001,SC Freiburg,27,Stefan Reisinger,GER,F,1.85,82,14-09-81,Landshut,Greuther Fürth,
2011,a001,SC Freiburg,28,Daniel Williams,GER,M,1.8,76,8-3-89,Karlsruhe,None,
2011,a001,SC Freiburg,31,Nicolas Höfler,GER,M,1.81,78,09-03-90,Überlingen,Pfullendorf,
2011,a001,SC Freiburg,32,Jonathan Schmid,FRA,M,1.77,69,26-06-90,Strasbourg,Offenburg,
2011,a001,SC Freiburg,34,Squipon Bektasi,ALB,F,1.77,66,14-09-90,Waldshut-Tiengen,None,
2011,a001,SC Freiburg,35,Daniel Sereinig,AUT,D,1.85,83,10-05-82,Wil,SCR Altach,
2011,a001,SC Freiburg,36,Alexander Schwolow,GER,G,1.89,83,02-06-92,Wiesbaden,Wehen-Wiesbaden,
2011,a001,SC Freiburg,37,Oliver Baumann,GER,G,1.87,72,02-06-90,Breisach,None,
2011,a001,SC Freiburg,38,Nicolai Lorenzoni,GER,M,1.8,70,01-05-92,Liestal,Herten,
2011,a001,SC Freiburg,40,Daniel Caligiuri,GER,M,1.82,79,15-01-88,Villingen-Schwenningen,Zimmern,
2011,a001,SC Freiburg,58,Ömer Toprak,TUR,D,1.86,81,21-07-89,Ravensburg,FV Ravensburg,
2011,a001,SC Freiburg,20,Ivica Banović,CRO,M,1.86,81,02-08-80,Zagreb,,Duisburg (On Loan)
2011,a001,Hamburger SV,1,Frank Rost,GER,G,1.94,92,30-06-73,Leipzig,Schalke,
2011,a001,Hamburger SV,2,Dennis Diekmeier,GER,D,1.88,78,20-10-89,Thedinghausen,Nürnberg,
2011,a001,Hamburger SV,4,Heiko Westermann,GER,D,1.9,85,14-08-83,Alzenau,Schalke,
2011,a001,Hamburger SV,5,Joris Mathijsen,NED,D,1.83,82,05-04-80,Goirle,AZ Alkmaar,
2011,a001,Hamburger SV,6,Dennis Aogo,GER,D,1.83,85,14-01-87,Karlsruhe,Freiburg,
2011,a001,Hamburger SV,7,Marcell Jansen,GER,D,1.91,84,04-11-85,Mönchengladbach,Bayern Munich,
2011,a001,Hamburger SV,8,Zé Roberto,BRA,M,1.72,72,06-07-74,Ipiranga,Bayern Munich,
2011,a001,Hamburger SV,9,José Paolo Guerrero,PER,F,1.84,72,01-01-84,Lima,Bayern Munich,
2011,a001,Hamburger SV,10,Mladen Petrić,CRO,F,1.85,81,01-01-81,Dubrave,Borussia Dortmund,
2011,a001,Hamburger SV,11,Eljero Elia,NED,F,1.76,70,13-02-87,Voorburg,FC Twente,
2011,a001,Hamburger SV,13,Robert Tesche,GER,M,1.8,71,27-05-87,Wismar,Arminia Bielefeld,
2011,a001,Hamburger SV,14,David Jarolim,CZE,M,1.74,69,17-05-79,Čáslav,Nürnberg,
2011,a001,Hamburger SV,15,Piotr Trochowski,GER,M,1.69,70,22-03-84,Dirschau,Bayern Munich,
2011,a001,Hamburger SV,17,Maxim Choupo-Moting,CMR,F,1.89,82,23-03-89,Hamburg,Altona 93,
2011,a001,Hamburger SV,18,Romeo Castelen,NED,M,1.7,66,03-05-83,Paramaribo,Feyenoord,
2011,a001,Hamburger SV,19,Lennard Sowah,GER,D,1.8,70,23-08-92,Hamburg,Portsmouth,
2011,a001,Hamburger SV,20,Guy Demel,CIV,D,1.88,88,13-06-81,Orsay,Borussia Dortmund,
2011,a001,Hamburger SV,21,Jonathan Pitroipa,BFA,M,1.76,56,12-04-86,Ouagadougou,Freiburg,
2011,a001,Hamburger SV,22,Ruud van Nistelrooy,NED,F,1.88,80,01-07-76,Geffen,Real Madrid,
2011,a001,Hamburger SV,24,Christian Groß,GER,M,1.82,75,08-02-89,Bremen,Osnabrück,
2011,a001,Hamburger SV,25,Tomás Rincón,VEN,M,1.75,75,13-01-88,San Cristóbal,Deportivo Táchira,
2011,a001,Hamburger SV,29,Tom Mickel,GER,G,1.86,78,19-04-89,Hoyerswerda,Energie Cottbus II,
2011,a001,Hamburger SV,30,Collin Benjamin,NAM,M,1.82,80,03-08-78,Windhoek,Raspo Elmshorn,
2011,a001,Hamburger SV,31,Änis Ben-Hatira,GER,M,1.81,78,18-07-88,Berlin,TeBe Berlin,
2011,a001,Hamburger SV,33,Miroslav Štěpánek,CZE,D,1.92,88,15-01-90,Olomouc,None,
2011,a001,Hamburger SV,34,Muhamed Bešić,BIH,D,1.77,75,10-09-92,Berlin,TeBe Berlin,
2011,a001,Hamburger SV,35,Tunay Torun,TUR,F,1.79,75,21-04-90,Hamburg,St. Pauli,
2011,a001,Hamburger SV,36,Hanno Behrens,GER,M,1.88,78,26-03-90,Elmshorn,None,
2011,a001,Hamburger SV,40,Son Heung-Min,KOR,F,1.83,76,08-07-92,Chuncheon,None,
2011,a001,Hamburger SV,44,Gojko Kačar,SRB,M,1.86,79,26-01-87,Novi Sad,Hertha Berlin,
2011,a001,Hamburger SV,45,Jaroslav Drobný,CZE,G,1.92,88,18-10-79,Počátky,Hertha Berlin,
2011,a001,Hamburger SV,3,David Rozehnal,CZE,D,1.93,77,05-07-80,Šternberk,,Lille (On Loan)
2011,a001,Hamburger SV,12,Wolfgang Hesl,GER,G,1.85,85,13-01-86,Nabburg,,SV Ried (On Loan)
2011,a001,Hamburger SV,41,Gerrit Pressel,GER,D,1.8,70,19-06-90,Hamburg,,Willem II (On Loan)
2011,a001,Hannover 96,1,Florian Fromlowitz,GER,G,1.88,83,02-07-86,Kaiserslautern,Kaiserslautern,
2011,a001,Hannover 96,3,Leon Andreasen,DEN,M,1.88,81,23-04-83,Aidt Thorsø,Fulham,
2011,a001,Hannover 96,4,Emanuel Pogatetz,AUT,D,1.89,76,16-01-83,Graz,Middlesbrough,
2011,a001,Hannover 96,5,Mario Eggimann,SUI,D,1.9,84,24-01-81,Brugg,Karlsruhe,
2011,a001,Hannover 96,6,Steve Cherundolo,USA,D,1.68,66,19-02-79,Rockford,Univ of Portland,
2011,a001,Hannover 96,7,Sergio Pinto,POR,M,1.77,71,16-10-80,Mafamude,Alemannia Aachen,
2011,a001,Hannover 96,8,Altin Lala,ALB,M,1.72,64,18-11-75,Kavaje,Borussia Fulda,
2011,a001,Hannover 96,11,Didier Ya Konan,CIV,M,1.74,74,22-05-84,Abidjan,Rosenborg,
2011,a001,Hannover 96,13,Jan Schlaudraff,GER,F,1.8,67,18-07-83,Waldbröl,Bayern Munich,
2011,a001,Hannover 96,14,Markus Miller,GER,G,1.89,89,08-04-82,Lindenber im Allgäu,Karlsruhe,
2011,a001,Hannover 96,15,Constant Djakpa,CIV,D,1.77,73,17-10-86,Abidjan,Bayer Leverkusen,
2011,a001,Hannover 96,16,DaMarcus Beasley,USA,M,1.73,66,24-05-82,Fort Wayne,Rangers,
2011,a001,Hannover 96,17,Moritz Stoppelkamp,GER,M,1.8,75,11-12-86,Duisburg,RW Oberhausen,
2011,a001,Hannover 96,19,Christian Schulz,GER,D,1.8,73,01-04-83,Bassum,Werder Bremen,
2011,a001,Hannover 96,20,Ron-Robert Zieler,GER,G,1.85,73,12-02-89,Cologne,Manchester U,
2011,a001,Hannover 96,21,Karim Haggui,TUN,D,1.87,85,20-01-84,Kasserine,Bayer Leverkusen,
2011,a001,Hannover 96,23,Sofian Chahed,TUN,M,1.78,73,18-04-83,Berlin,Hertha Berlin,
2011,a001,Hannover 96,25,Mohammed Abdellaoue,NOR,F,1.84,81,23-10-85,Oslo,Vålerenga,
2011,a001,Hannover 96,26,Henrik Ernst,GER,M,1.89,84,02-09-86,Hannover,Heesseler SV,
2011,a001,Hannover 96,28,Lars Stindl,GER,M,1.8,73,26-08-88,Waghäusel,Karlsruhe,
2011,a001,Hannover 96,30,Carlitos,POR,M,1.75,72,06-09-82,Lisbon,Basel,
2011,a001,Hannover 96,31,Tim Hofmann,GER,D,1.87,77,09-06-88,Hannover,None,
2011,a001,Hannover 96,32,Mikael Forssell,FIN,F,1.78,68,15-03-81,Steinfurt,Birmingham C,
2011,a001,Hannover 96,33,Manuel Schmiedebach,GER,M,1.7,70,05-12-88,Berlin,Hertha Berlin II,
2011,a001,Hannover 96,34,Konstantin Rausch,GER,D,1.78,67,15-03-90,Kozhevnikovo,None,
2011,a001,Hannover 96,35,Christopher Avevor,GER,D,1.84,81,11-02-92,Kiel,None,
2011,a001,Hannover 96,36,Willi Evseev,GER,M,1.76,70,14-02-92,Temirtau,None,
2011,a001,Hannover 96,37,Felix Burmeister,GER,D,1.86,78,09-03-90,Würzburg,None,
2011,a001,Hannover 96,9,Mike Hanke,GER,F,1.83,75,5-11-83,Hamm/Westphalia,,B Mönchengladbach
2011,a001,Hannover 96,22,Valdet Rama,GER,M,1.82,79,20-11-87,Kosovska Mitrovica,,Örebro SK
2011,a001,1899 Hoffenheim,1,Daniel Haas,GER,G,1.88,82,01-08-83,Erlenbach,Hannover 96,
2011,a001,1899 Hoffenheim,2,Andreas Beck,GER,D,1.8,73,13-03-87,Kemerovo,Stuttgart,
2011,a001,1899 Hoffenheim,3,Matthias Jaissle,GER,D,1.86,84,05-04-88,Nürtingen,Stuttgart II,
2011,a001,1899 Hoffenheim,5,Marvin Compper,GER,D,1.85,74,14-06-85,Tübingen,B Mönchengladbach,
2011,a001,1899 Hoffenheim,6,Sebastian Rudy,GER,M,1.79,73,28-02-90,Villingen- Schwenningen,Stuttgart,
2011,a001,1899 Hoffenheim,7,Boris Vukčević,GER,M,1.82,76,16-03-90,Osijek,Stuttgart II,
2011,a001,1899 Hoffenheim,8,David Alaba,AUT,M,1.75,70,24-06-92,Vienna,Bayern Munich,
2011,a001,1899 Hoffenheim,10,Ryan Babel,NED,F,1.85,78,19-12-86,Amsterdam,Liverpool,
2011,a001,1899 Hoffenheim,11,Gylfi Sigurðsson,ISL,M,1.86,77,08-09-89,Reykjavik,Reading,
2011,a001,1899 Hoffenheim,14,Josip Šimunić,CRO,D,1.95,89,18-02-78,Canberra,Hertha Berlin,
2011,a001,1899 Hoffenheim,15,Peniel Kokou Mlapa,TOG,F,1.93,85,20-02-91,Lomé,1860 Munich,
2011,a001,1899 Hoffenheim,17,Tobias Weis,GER,M,1.7,68,30-07-85,Schwäbisch Hall,Stuttgart,
2011,a001,1899 Hoffenheim,19,Vedad Ibišević,BIH,F,1.88,80,06-08-84,Vlasenica,Alemannia Aachen,
2011,a001,1899 Hoffenheim,20,Chinedu Obasi Ogbuke,NGA,F,1.83,82,01-06-86,Enugu,Lyn,
2011,a001,1899 Hoffenheim,22,Roberto Firmino,BRA,M,1.8,76,02-10-91,Maceió,Figueirense,
2011,a001,1899 Hoffenheim,23,Sejad Salihović,BIH,M,1.82,83,08-10-84,Sepak,Hertha Berlin,
2011,a001,1899 Hoffenheim,25,Isaac Vorsah,GHA,D,1.92,85,21-06-88,Accra,Asante Kotoko,
2011,a001,1899 Hoffenheim,26,Andreas Ibertsberger,AUT,D,1.78,77,27-07-82,Salzburg,Freiburg,
2011,a001,1899 Hoffenheim,27,Ramazan Özcan,AUT,G,1.86,84,28-06-84,Hohenems,Red Bull Salzburg,
2011,a001,1899 Hoffenheim,28,Edson Braafheid,NED,D,1.76,71,08-04-83,Paramaribo,Bayern Munich,
2011,a001,1899 Hoffenheim,29,Jannik Vestergaard,DEN,D,1.97,96,03-08-92,Copenhagen,Brøndby,
2011,a001,1899 Hoffenheim,30,Jens Grahl,GER,G,1.96,86,22-09-88,Stuttgart,Greuther Fürth,
2011,a001,1899 Hoffenheim,31,Andreas Ludwig,GER,M,1.72,68,11-09-90,Ulm,Ulm,
2011,a001,1899 Hoffenheim,33,Tom Starke,GER,G,1.94,91,18-03-81,Dresden,Duisburg,
2011,a001,1899 Hoffenheim,34,Denis Thomalla,GER,F,1.86,70,16-08-92,Pforzheim,Karlsruhe II,
2011,a001,1899 Hoffenheim,36,Dominik Kaiser,GER,M,1.71,67,16-09-88,Mutlangen,Normannia Gmünd,
2011,a001,1899 Hoffenheim,37,Manuel Gulde,GER,D,1.83,73,12-02-91,Mannheim,Neckarau,
2011,a001,1899 Hoffenheim,38,Kai Herdling,GER,F,1.76,72,27-06-84,Heidelberg,Waldhof Mannheim,
2011,a001,1899 Hoffenheim,10,Carlos Eduardo,BRA,M,1.71,68,18-07-87,Ajuricaba,,Rubin Kazan
2011,a001,1899 Hoffenheim,22,Jukka Raitala,FIN,D,1.8,77,15-09-88,Kerava,,Paderborn (On Loan)
2011,a001,1899 Hoffenheim,8,Christian Eichner,GER,D,1.83,76,24-11-82,Sulzfeld,,Köln
2011,a001,1899 Hoffenheim,21,Luiz Gustavo,BRA,M,1.87,82,23-07-87,Pindamonhangaba,,Bayern Munich
2011,a001,1899 Hoffenheim,9,Demba Ba,SEN,F,1.89,83,25-05-85,Sèvres,,West Ham U
2011,a001,1899 Hoffenheim,18,Prince Tagoe,GHA,F,1.88,83,09-11-86,Accra,,Partizan Belgrade (On Loan)
2011,a001,1. FC Kaiserslautern,1,Tobias Sippel,GER,G,1.8,79,22-03-88,Bad Dürkheim,None,
2011,a001,1. FC Kaiserslautern,2,Jan Šimůnek,CZE,D,1.87,72,20-02-87,Prague,Wolfsburg,
2011,a001,1. FC Kaiserslautern,3,Leon Jessen,DEN,D,1.82,74,11-06-86,Brande,FC Midtjylland,
2011,a001,1. FC Kaiserslautern,4,Bastian Schulz,GER,M,1.84,77,10-07-85,Hannover,Hannover 96,
2011,a001,1. FC Kaiserslautern,5,Martin Amedick,GER,D,1.94,88,06-09-82,Paderborn,Borussia Dortmund,
2011,a001,1. FC Kaiserslautern,6,Mathias Abel,GER,D,1.88,85,22-06-81,Kaiserslautern,Schalke,
2011,a001,1. FC Kaiserslautern,7,Oliver Kirch,GER,M,1.82,73,21-08-82,Soest,Arminia Bielefeld,
2011,a001,1. FC Kaiserslautern,8,Christian Tiffert,GER,M,1.83,75,18-02-82,Halle,Duisburg,
2011,a001,1. FC Kaiserslautern,9,Srdjan Lakić,CRO,F,1.88,83,02-10-83,Dubrovnik,Hertha Berlin,
2011,a001,1. FC Kaiserslautern,10,Chadlj Amri,FRA,F,1.78,70,14-12-84,St-Avold,Mainz,
2011,a001,1. FC Kaiserslautern,11,Ilijan Micanski,BUL,F,1.86,79,20-12-85,Blagoevgrad,Zagłębie Lubin,
2011,a001,1. FC Kaiserslautern,13,Thanos Petsos,GRE,M,1.84,80,05-06-91,Düsseldorf,Bayer Leverkusen,
2011,a001,1. FC Kaiserslautern,14,Lucas,BRA,D,1.94,82,14-07-91,São Paulo,Bayer Leverkusen,
2011,a001,1. FC Kaiserslautern,15,Clemens Walch,AUT,M,1.8,72,10-07-87,Rum,Stuttgart,
2011,a001,1. FC Kaiserslautern,16,Jan Morávek,CZE,M,1.79,71,01-11-89,Prague,Schalke,
2011,a001,1. FC Kaiserslautern,17,Alexander Bugera,GER,D,1.8,75,08-08-78,Amberg,Duisburg,
2011,a001,1. FC Kaiserslautern,18,Danny Fuchs,GER,M,1.78,78,25-02-76,Dessau,Bochum,
2011,a001,1. FC Kaiserslautern,19,Jiří Bílek,CZE,M,1.83,70,04-11-83,Neratovice,Slovan Liberec,
2011,a001,1. FC Kaiserslautern,20,Rodnei,BRA,D,1.9,91,11-09-85,São Paulo,Hertha Berlin,
2011,a001,1. FC Kaiserslautern,21,Pierre De Wit,GER,M,1.72,70,26-09-87,Cologne,Bayer Leverkusen,
2011,a001,1. FC Kaiserslautern,22,Ivo Iličević,CRO,M,1.74,65,14-11-86,Aschaffenburg,Bochum,
2011,a001,1. FC Kaiserslautern,23,Florian Dick,GER,D,1.84,84,09-11-84,Bruchsal,Karlsruhe,
2011,a001,1. FC Kaiserslautern,24,Adam Hloušek,CZE,M,1.83,71,20-12-88,Turnov,Slavia Prague,
2011,a001,1. FC Kaiserslautern,25,Stiven Rivić,CRO,M,1.81,74,09-08-85,Pula,Energie Cottbus,
2011,a001,1. FC Kaiserslautern,26,Stefan Zellner,GER,F,1.86,87,14-03-91,Wadern,Primstal,
2011,a001,1. FC Kaiserslautern,27,Marco Knaller,AUT,G,1.92,85,26-03-87,Villach,Lustenau,
2011,a001,1. FC Kaiserslautern,28,Marcel Correia,POR,D,1.86,80,16-05-89,Kaiserslautern,None,
2011,a001,1. FC Kaiserslautern,29,Kevin Trapp,GER,G,1.89,83,08-07-90,Merzig,None,
2011,a001,1. FC Kaiserslautern,32,Adam Nemec,SVK,F,1.92,90,02-09-85,Banská Bystrica,KRC Genk,
2011,a001,1. FC Kaiserslautern,33,Erwin Hoffer,AUT,F,1.76,72,14-04-87,Baden,Napoli,
2011,a001,1. FC Kaiserslautern,38,Alan Stulin,POL,M,1.7,62,05-06-90,Bolesławiec,None,
2011,a001,1. FC Kaiserslautern,14,Manuel Hornig,GER,D,1.9,85,18-12-82,Kandel,,Koblenz
2011,a001,1. FC Köln,1,Michael Rensing,GER,G,1.88,86,14-05-84,Lingen (Ems),Bayern Munich,
2011,a001,1. FC Köln,2,Mišo Brečko,SVN,D,1.78,68,01-05-84,Trbovlje,Hamburg,
2011,a001,1. FC Köln,3,Youssef Mohamad,LIB,D,1.82,77,01-07-80,Beirut,Freiburg,
2011,a001,1. FC Köln,4,Christian Eichner,GER,D,1.83,76,24-11-82,Sulzfeld,1899 Hoffenheim,
2011,a001,1. FC Köln,5,Martin Lanig,GER,M,1.9,76,11-07-84,Bad Mergentheim,Stuttgart,
2011,a001,1. FC Köln,6,Taner Yalçın,GER,M,1.87,80,18-02-90,Cologne,None,
2011,a001,1. FC Köln,7,Sebastien Freis,GER,F,1.83,75,23-04-85,Karlsruhe,Karlsruhe,
2011,a001,1. FC Köln,8,Armando Petit,POR,M,1.78,68,25-09-76,Strasbourg,Benfica,
2011,a001,1. FC Köln,10,Lukas Podolski,GER,F,1.82,83,04-06-85,Gliwice,Bayern Munich,
2011,a001,1. FC Köln,11,Milivoje Novakovič,SVN,F,1.92,85,18-05-79,Ljubljana,Litex Lovech,
2011,a001,1. FC Köln,12,Andrezinho,BRA,D,1.72,67,09-10-81,Mineiros,Vitória Guimarăes,
2011,a001,1. FC Köln,13,Wilfried Sanou,BFA,F,1.65,64,16-03-84,Houet,Freiburg,
2011,a001,1. FC Köln,14,Alexandru Ioniţă,ROU,F,1.85,80,5-8-89,Bucharest,Rapid Bucureşti,
2011,a001,1. FC Köln,15,Sławomir Peszko,POL,M,1.74,67,19-02-85,Jedlicze,Lech Poznań,
2011,a001,1. FC Köln,16,Christopher Schorch,GER,D,1.89,80,30-01-89,Halle an der Saale,Real Madrid B,
2011,a001,1. FC Köln,17,Kevin Pezzoni,GER,D,1.93,91,22-03-89,Frankfurt am Main,Blackburn R,
2011,a001,1. FC Köln,18,Kostas Giannoulis,GRE,D,1.83,73,09-12-87,Katerini,Iraklis,
2011,a001,1. FC Köln,19,Mato Jajalo,CRO,M,1.81,78,25-05-88,Jajce,Siena,
2011,a001,1. FC Köln,20,Adil Chihi,GER,F,1.83,78,21-02-88,Düsseldorf,None,
2011,a001,1. FC Köln,21,Pedro Geromel,BRA,D,1.9,84,21-09-85,Săo Paulo,Vitória Guimarăes,
2011,a001,1. FC Köln,22,Fabrice Ehret,FRA,M,1.83,76,28-09-79,Viganello,Aarau,
2011,a001,1. FC Köln,23,Kevin McKenna,CAN,D,1.9,85,21-01-80,Calgary,Energie Cottbus,
2011,a001,1. FC Köln,24,Daniel Schwabke,GER,G,1.92,78,19-07-89,Haldensleben,Magdeburg,
2011,a001,1. FC Köln,25,Adam Matuschyk,POL,M,1.83,73,14-02-89,Gliwice,None,
2011,a001,1. FC Köln,27,Christian Clemens,GER,M,1.8,70,04-08-91,Cologne,None,
2011,a001,1. FC Köln,28,Carsten Cullman,GER,D,1.87,82,05-03-76,Cologne,SpVgg Porz,
2011,a001,1. FC Köln,29,Christopher Buchtmann,GER,M,1.74,68,25-04-92,Minden,Fulham,
2011,a001,1. FC Köln,30,Simon Terodde,GER,F,1.92,82,02-03-88,Bocholt,Duisburg,
2011,a001,1. FC Köln,32,Stephan Salger,GER,D,1.84,73,30-01-90,Düren,None,
2011,a001,1. FC Köln,33,Michael Niedrig,GER,M,1.83,83,12-01-80,Cologne,Holstein Kiel,
2011,a001,1. FC Köln,34,Miro Varvodić,CRO,G,1.91,79,15-05-89,Split,Hajduk Split,
2011,a001,1. FC Köln,35,Alexander Vaaßen,GER,D,1.81,65,09-12-91,Düren,None,
2011,a001,1. FC Köln,36,Bienvenue Basala-Mazana,GER,D,1.84,71,02-01-92,Bonn,None,
2011,a001,1. FC Köln,37,Reinhold Yabo,GER,M,1.75,70,10-02-92,Aldenhoven,None,
2011,a001,1. FC Köln,43,Tomoaki Makino,JPN,D,1.82,77,11-05-87,Hiroshima,Sanfrecce Hiroshima,
2011,a001,1. FC Köln,4,Marvin Matip,GER,D,1.84,83,25-09-85,Bochum,,Ingolstadt
2011,a001,1. FC Köln,1,Faryd Mondragon,COL,G,1.91,94,21-06-71,Cali,,Philadelphia Union
2011,a001,1. FC Köln,13,Daniel Brosinski,GER,M,1.78,65,17-07-88,Karlsruhe,,Wehen-Wiesbaden
2011,a001,1. FC Köln,49,José Pierre Vunguidica,ANG,F,1.86,84,3-1-90,Luanda,,Kickers Offenbach (On Loan)
2011,a001,1. FC Köln,9,Manneseh Ishiaku,NGA,F,1.84,82,09-01-83,Port Harcourt,,Sint-Truiden (On Loan)
2011,a001,1. FSV Mainz 05,1,Martin Pieckenhagen,GER,G,1.86,86,15-11-71,Berlin,Heracles Almelo,
2011,a001,1. FSV Mainz 05,2,Bo Svensson,DEN,D,1.9,85,04-08-79,Aalborg,B Mönchengladbach,
2011,a001,1. FSV Mainz 05,3,Malik Fathi,GER,D,1.85,85,29-10-83,Berlin,Spartak Moscow,
2011,a001,1. FSV Mainz 05,4,Nikolce Noveski,MKD,D,1.9,87,28-04-79,Bitola,Erzgebirge Aue,
2011,a001,1. FSV Mainz 05,5,Eugen Gopko,GER,D,1.68,65,05-01-91,Kiev,None,
2011,a001,1. FSV Mainz 05,6,Marco Caligiuri,GER,M,1.8,75,14-04-84,Villingen- Schwenningen,Greuther Fürth,
2011,a001,1. FSV Mainz 05,7,Eugen Polanski,GER,M,1.83,73,17-03-86,Sosnowiec,Getafe,
2011,a001,1. FSV Mainz 05,8,Radoslav Zabavnik,SVK,D,1.81,77,16-09-80,Košice,Terek Grozny,
2011,a001,1. FSV Mainz 05,9,Sami Allagui,TUN,F,1.82,77,28-05-86,Düsseldorf,Greuther Fürth,
2011,a001,1. FSV Mainz 05,10,Jan Šimák,CZE,M,1.82,76,13-10-78,Tábor,Stuttgart,
2011,a001,1. FSV Mainz 05,14,Andre Schürrle,GER,F,1.75,63,06-11-90,Ludwigshafen,None,
2011,a001,1. FSV Mainz 05,15,Jan Kirchhoff,GER,D,1.93,78,01-10-90,Frankfurt am Main,Eintracht Frankfurt II,
2011,a001,1. FSV Mainz 05,16,Florian Heller,GER,M,1.79,75,10-03-82,Rosenheim,Erzgebirge Aue,
2011,a001,1. FSV Mainz 05,18,Lewis Holtby,GER,F,1.74,66,18-09-90,Erkelenz,Schalke,
2011,a001,1. FSV Mainz 05,19,Elkin Soto,COL,M,1.78,71,04-08-80,Manizales,Barcelona [ECU],
2011,a001,1. FSV Mainz 05,21,Miroslav Karhan,SVK,M,1.89,88,21-06-76,Trnava,Wolfsburg,
2011,a001,1. FSV Mainz 05,22,Christian Fuchs,AUT,D,1.86,80,07-04-86,Pitten,Bochum,
2011,a001,1. FSV Mainz 05,23,Marcel Risse,GER,M,1.83,78,17-12-89,Cologne,Bayer Leverkusen,
2011,a001,1. FSV Mainz 05,24,Zsolt Löw,HUN,D,1.82,79,29-04-79,Budapest,1899 Hoffenheim,
2011,a001,1. FSV Mainz 05,25,Andreas Ivanschitz,AUT,M,1.83,79,15-10-83,Eisenstadt,Panathinaikos,
2011,a001,1. FSV Mainz 05,26,Niko Bungert,GER,D,1.88,68,24-10-86,Bochum,Kickers Offenbach,
2011,a001,1. FSV Mainz 05,28,Ádám Szalai,HUN,F,1.93,80,09-12-87,Budapest,Real Madrid B,
2011,a001,1. FSV Mainz 05,29,Christian Wetklo,GER,G,1.9,90,11-01-80,Marl,RW Essen,
2011,a001,1. FSV Mainz 05,33,Heinz Müller,GER,G,1.93,88,30-05-78,Frankfurt am Main,Barnsley,
2011,a001,1. FSV Mainz 05,35,Petar Slišković,CRO,F,1.93,88,21-02-91,Sarajevo,None,
2011,a001,1. FSV Mainz 05,36,Dragan Georgiev,MKD,F,1.7,67,16-12-90,Delcevo,,Horizont Turnovo
2011,a001,1. FSV Mainz 05,17,Haruna Babangida,NGA,F,1.66,66,01-10-82,Kaduna,,Vitesse
2011,a001,1. FSV Mainz 05,11,Morten D Rasmussen,DEN,F,1.85,77,31-01-85,Copenhagen,,Celtic
2011,a001,1. FC Nürnberg,1,Raphael Schäfer,GER,G,1.9,86,30-01-79,Kędzierzyn-Koźle,Stuttgart,
2011,a001,1. FC Nürnberg,2,Timmy Simons,BEL,M,1.86,79,11-12-76,Diest,PSV Eindhoven,
2011,a001,1. FC Nürnberg,3,Per Nilsson,SWE,D,1.9,87,15-09-82,Härnösand,1899 Hoffenheim,
2011,a001,1. FC Nürnberg,5,Andreas Wolf,GER,D,1.82,82,12-06-82,Leninabad,SpVgg Ansbach,
2011,a001,1. FC Nürnberg,6,Dominic Maroh,GER,D,1.86,83,04-03-87,Nürtingen,Reutlingen,
2011,a001,1. FC Nürnberg,8,Christian Eigler,GER,F,1.85,83,01-01-84,Roth,Arminia Bielefeld,
2011,a001,1. FC Nürnberg,10,Albert Bunjaku,SUI,F,1.78,77,29-11-83,Gnjilane,RW Erfurt,
2011,a001,1. FC Nürnberg,11,Marek Mintal,SVK,M,1.83,78,02-09-77,Žilina,MSK Žilina,
2011,a001,1. FC Nürnberg,12,Daniel Klewer,GER,G,1.92,87,04-03-77,Rostock,Hansa Rostock,
2011,a001,1. FC Nürnberg,13,Jens Hegeler,GER,D,1.93,80,22-01-88,Cologne,Bayer Leverkusen,
2011,a001,1. FC Nürnberg,14,Robert Mak,SVK,M,1.78,71,08-03-91,Bratislava,Manchester C,
2011,a001,1. FC Nürnberg,15,Christoph Sauter,GER,M,1.88,78,03-08-91,Ludwigshafen,Mainz II,
2011,a001,1. FC Nürnberg,16,Juri Judt,GER,M,1.73,68,24-07-86,Karaganda,Greuther Fürth,
2011,a001,1. FC Nürnberg,17,Mike Frantz,GER,F,1.81,76,14-10-86,Saarbrücken,Saarbrücken,
2011,a001,1. FC Nürnberg,18,Almog Cohen,ISR,M,1.7,65,01-09-88,Beersheba,Maccabi Netanya,
2011,a001,1. FC Nürnberg,19,Nassim Ben Khalifa,SUI,F,1.8,69,13-01-92,Prangins,Wolfsburg,
2011,a001,1. FC Nürnberg,20,Pascal Bieler,GER,D,1.81,73,26-02-86,Berlin,Hertha Berlin,
2011,a001,1. FC Nürnberg,22,İlkay Gündogan,GER,M,1.8,70,24-10-90,Gelsenkirchen,Bochum,
2011,a001,1. FC Nürnberg,23,Julian Schieber,GER,F,1.86,83,13-02-89,Backnang,Stuttgart,
2011,a001,1. FC Nürnberg,24,Timo Ochs,GER,G,1.88,86,17-10-81,Göttingen,Hertha Berlin,
2011,a001,1. FC Nürnberg,25,Javier Pinola,ARG,D,1.78,78,24-02-83,Olivos,Atlético Madrid,
2011,a001,1. FC Nürnberg,26,Timmy Chandler,USA,D,1.86,83,29-03-90,Frankfurt am Main,Eintracht Frankfurt,
2011,a001,1. FC Nürnberg,27,Markus Mendler,GER,M,1.73,67,07-01-93,Memmingen,None,
2011,a001,1. FC Nürnberg,29,Rubin Okotie,AUT,F,1.88,84,06-06-87,Karachi,Austria Vienna,
2011,a001,1. FC Nürnberg,30,Alexander Stephan,GER,G,1.89,81,15-09-86,Erlangen,None,
2011,a001,1. FC Nürnberg,31,Julian Wießmeier,GER,F,1.71,66,04-11-92,Nuremburg,None,
2011,a001,1. FC Nürnberg,32,Daniel Batz,GER,G,1.9,86,12-01-91,Erlangen,None,
2011,a001,1. FC Nürnberg,37,Mehmet Ekici,GER,M,1.8,70,25-03-90,Munich,Bayern Munich,
2011,a001,1. FC Nürnberg,38,Philipp Wollscheid,GER,D,1.94,84,06-03-89,Wadern,Saarbrücken,
2011,a001,1. FC Nürnberg,40,Marvin Plattenhardt,GER,D,1.79,73,26-01-92,Filderstadt,Reutlingen,
2011,a001,1. FC Nürnberg,19,Isaac Boakye,GHA,F,1.8,73,26-11-81,Kumasi,,Vålerenga
2011,a001,1. FC Nürnberg,21,Dario Vidošić,AUS,M,1.85,75,08-04-87,Osijek,,Arminia Bielefeld (On Loan)
2011,a001,1. FC Nürnberg,33,Felicio Brown Forbes,GER,D,1.88,81,28-08-91,Berlin,,Carl Zeiss Jena (On Loan)
2011,a001,St. Pauli,1,Benedikt Pliquett,GER,G,1.99,92,20-12-84,Hamburg,Lübeck,
2011,a001,St. Pauli,2,Florian Lechner,GER,D,1.78,78,03-03-81,Ellwangen,Stuttgart II,
2011,a001,St. Pauli,3,Hauke Brückner,GER,M,1.82,77,29-02-80,Hamburg,Holstein Kiel,
2011,a001,St. Pauli,4,Fabio Morena,GER,D,1.8,76,19-03-80,Böblingen,Alicante,
2011,a001,St. Pauli,5,Carlos Zambrano,PER,D,1.85,77,10-07-89,Callao,Schalke,
2011,a001,St. Pauli,6,Bastian Oczipka,GER,D,1.84,81,12-01-89,Bergisch Gladbach,Bayer Leverkusen II,
2011,a001,St. Pauli,7,Rouwen Hennings,GER,F,1.82,84,28-08-87,Bad Oldesloe,Hamburg,
2011,a001,St. Pauli,8,Florian Bruns,GER,M,1.88,82,21-08-79,Oldenburg,Alemannia Aachen,
2011,a001,St. Pauli,9,Marius Ebbers,GER,F,1.91,87,04-01-78,Essen,Alemannia Aachen,
2011,a001,St. Pauli,10,Charles Takyi,GER,M,1.76,72,12-11-84,Accra,Greuther Fürth,
2011,a001,St. Pauli,11,Ralph Gunesch,GER,D,1.9,83,02-09-83,Sighişoara,Mainz,
2011,a001,St. Pauli,12,Timo Schultz,GER,M,1.83,75,26-08-77,Esens,Holstein Kiel II,
2011,a001,St. Pauli,13,Gerald Asamoah,GER,M,1.8,85,03-10-78,Mampong,Schalke,
2011,a001,St. Pauli,14,Marcel Eger,GER,D,1.9,85,23-03-83,Nuremberg,Feucht,
2011,a001,St. Pauli,16,Markus Thorandt,GER,M,1.86,82,01-04-81,Augsburg,1860 Munich,
2011,a001,St. Pauli,17,Fabian Boll,GER,M,1.93,87,16-06-79,Bad Bramstedt,Eintracht Norderstedt,
2011,a001,St. Pauli,18,Max Kruse,GER,M,1.8,77,19-03-88,Reinbek,Werder Bremen,
2011,a001,St. Pauli,19,Richard Sukuta-Pasu,GER,F,1.84,79,24-06-90,Wuppertal,Bayer Leverkusen,
2011,a001,St. Pauli,20,Mathias Lehmann,GER,M,1.79,74,28-05-83,Ulm,Alemannia Aachen,
2011,a001,St. Pauli,22,Fin Bartels,GER,M,1.75,65,07-02-87,Kiel,Hansa Rostock,
2011,a001,St. Pauli,23,Deniz Naki,GER,F,1.76,68,09-07-89,Düren,Bayer Leverkusen II,
2011,a001,St. Pauli,24,Carsten Rothenbach,GER,D,1.84,82,03-09-80,Heidelberg,Karlsruhe,
2011,a001,St. Pauli,25,Mathias Hain,GER,G,1.88,87,31-12-72,Goslar,Arminia Bielefeld,
2011,a001,St. Pauli,26,Thomas Kessler,GER,G,1.97,92,20-01-86,Cologne,Köln,
2011,a001,St. Pauli,27,Jan-Philipp Kalla,GER,D,1.8,66,06-08-86,Hamburg,Hamburg,
2011,a001,St. Pauli,28,Moritz Volz,GER,D,1.78,78,21-01-83,Siegen,Fulham,
2011,a001,St. Pauli,30,Dennis Daube,GER,M,1.85,80,11-07-89,Hamburg,None,
2011,a001,St. Pauli,31,Deniz Herber,TUR,F,1.8,80,05-03-92,,None,
2011,a001,St. Pauli,33,Matthias Hinzmann,GER,D,1.8,74,02-01-84,,None,
2011,a001,St. Pauli,34,Arvid Schenk,GER,G,1.96,85,28-07-89,Hamburg,Hansa Rostock II,
2011,a001,St. Pauli,35,Petar Filipović,GER,M,1.88,81,14-09-90,Hamburg,None,
2011,a001,St. Pauli,29,Nils Pichinot,GER,F,1.82,76,29-08-89,Hamburg,,Carl Zeiss Jena
2011,a001,St. Pauli,32,Davidson Drobo-Ampem,GHA,D,1.89,82,26-03-88,Accra,,Esbjerg (On Loan)
2011,a001,FC Schalke 04,1,Manuel Neuer,GER,G,1.92,90,27-03-86,Gelsenkirchen,None,
2011,a001,FC Schalke 04,2,Hans Sarpei,GHA,D,1.78,71,28-06-76,Tema,Bayer Leverkusen,
2011,a001,FC Schalke 04,3,Sergio Escudero,ESP,D,1.76,65,2-9-89,Valladolid,Murcia,
2011,a001,FC Schalke 04,4,Benedikt Höwedes,GER,D,1.87,75,29-02-88,Haltern am See,None,
2011,a001,FC Schalke 04,5,Nicolas Plestan,FRA,D,1.84,76,2-6-81,Nice,Lille,
2011,a001,FC Schalke 04,6,Tim Hoogland,GER,D,1.83,78,11-6-85,Marl,Mainz,
2011,a001,FC Schalke 04,7,Raúl,ESP,F,1.8,68,27-06-77,Madrid,Real Madrid,
2011,a001,FC Schalke 04,8,Hao Junmin,CHN,M,1.78,70,24-03-87,Wuhan,Tianjin Teda,
2011,a001,FC Schalke 04,9,Edu,BRA,F,1.8,80,30-11-81,São Paulo,Suwon Samsung Bluewings,
2011,a001,FC Schalke 04,10,Ali Karimi,IRN,M,1.85,86,8-11-78,Karaj,Steel Azin,
2011,a001,FC Schalke 04,11,Alexander Baumjohann,GER,M,1.78,73,23-01-87,Datteln,Bayern Munich,
2011,a001,FC Schalke 04,12,Peer Kluge,GER,M,1.79,68,22-11-80,Frankenberg,Nürnberg,
2011,a001,FC Schalke 04,13,Lukas Schmitz,GER,M,1.84,80,13-10-88,Hattingen,Bochum II,
2011,a001,FC Schalke 04,14,Kyriakos Papadopoulos,GRE,D,1.83,78,23-02-92,Katerini,Olympiakos,
2011,a001,FC Schalke 04,15,Aggelos Charisteas,GRE,F,1.9,82,9-2-80,Serres,Arles-Avignon,
2011,a001,FC Schalke 04,17,Jefferson Farfán,PER,F,1.78,73,28-10-84,Lima,PSV Eindhoven,
2011,a001,FC Schalke 04,18,José Manuel Jurado,ESP,M,1.73,72,29-06-86,Sanlúcar de Barrameda,Atlético Madrid,
2011,a001,FC Schalke 04,19,Mario Gavranović,SUI,F,1.75,68,24-11-89,Lugano,Yverdon-Sport,
2011,a001,FC Schalke 04,20,Vasilis Pliatsikas,GRE,M,1.74,73,14-04-88,Agrinio,AEK,
2011,a001,FC Schalke 04,21,Christoph Metzelder,GER,D,1.94,84,5-11-80,Halten,Real Madrid,
2011,a001,FC Schalke 04,22,Atsuto Uchida,JPN,D,1.76,62,27-03-88,Shizuoka,Kashima Antlers,
2011,a001,FC Schalke 04,23,Danilo Avelar,BRA,M,1.85,75,9-6-89,Paranavaí,Karpaty Lviv,
2011,a001,FC Schalke 04,24,Christian Pander,GER,D,1.86,80,28-08-83,Münster,Preußen Münster,
2011,a001,FC Schalke 04,25,Klaas Jan Huntelaar,NED,F,1.86,80,12-8-83,Drempt,Milan,
2011,a001,FC Schalke 04,27,Ciprian Deac,ROU,F,1.77,70,16-02-86,Dej,CFR Cluj,
2011,a001,FC Schalke 04,28,Christoph Moritz,GER,M,1.86,73,27-01-90,Birkesdorf,Alemannia Aachen,
2011,a001,FC Schalke 04,29,Bogdan Müller,GER,F,1.83,78,12-6-88,Karaganda,Neckarelz,
2011,a001,FC Schalke 04,30,Levan Kenia,GEO,M,1.76,70,18-10-90,Tbilisi,Lokomotiv Tbilisi,
2011,a001,FC Schalke 04,31,Julian Draxler,GER,M,1.83,68,20-09-93,Gladbeck,None,
2011,a001,FC Schalke 04,32,Joel Matip,CMR,D,1.92,83,8-8-91,Bochum,Bochum,
2011,a001,FC Schalke 04,33,Mathias Schober,GER,G,1.91,94,8-4-76,Marl,Hansa Rostock,
2011,a001,FC Schalke 04,36,Lars Unnerstall,GER,G,1.98,100,20-07-90,Ibbenbüren,Preußen Münster,
2011,a001,FC Schalke 04,38,Marvin Pourie,GER,F,1.84,80,8-1-91,Werne,Liverpool,
2011,a001,FC Schalke 04,39,Marvin Pachan,GER,D,1.78,72,11-4-90,Gelsenkirchen,None,
2011,a001,FC Schalke 04,40,Anthony Annan,GHA,M,1.75,68,21-07-86,Accra,Rosenborg,
2011,a001,FC Schalke 04,23,Jermaine Jones,USA,M,1.84,78,3-11-81,Frankfurt am Main,,Blackburn R (On Loan)
2011,a001,FC Schalke 04,26,Erik Jendrišek,SVK,F,1.76,74,26-10-86,Trstená,,Freiburg
2011,a001,FC Schalke 04,40,Predrag Stevanović,SRB,M,1.78,62,9-3-91,Essen,,Werder Bremen
2011,a001,FC Schalke 04,10,Ivan Rakitić,CRO,M,1.84,79,10-3-88,Rheinfelden,,Sevilla
2011,a001,FC Schalke 04,34,Besart Ibraimi,MKD,F,1.82,76,17-12-86,Kičevo,,Sevastopol
2011,a001,VfB Stuttgart,1,Sven Ulreich,GER,G,1.92,84,3-8-88,Schorndorf,None,
2011,a001,VfB Stuttgart,2,Philipp Degen,SUI,D,1.88,82,15-02-83,Basel,Liverpool,
2011,a001,VfB Stuttgart,3,Cristian Molinaro,ITA,D,1.8,76,30-07-83,Moio Civitella,Juventus,
2011,a001,VfB Stuttgart,5,Serdar Taşçı,GER,D,1.86,80,24-04-87,Esslingen,None,
2011,a001,VfB Stuttgart,6,Georg Niedermeier,GER,D,1.88,74,26-02-86,Munich,Bayern Munich,
2011,a001,VfB Stuttgart,7,Martin Harnik,AUT,F,1.85,73,10-6-87,Hamburg,Werder Bremen,
2011,a001,VfB Stuttgart,8,Zdravko Kuzmanović,SRB,M,1.86,72,22-09-87,Berne,Fiorentina,
2011,a001,VfB Stuttgart,9,Ciprian Marica,ROU,F,1.84,78,2-10-85,Bucharest,Shakhtar Donetsk,
2011,a001,VfB Stuttgart,11,Johan Audel,FRA,F,1.8,73,12-12-83,Nice,Valenciennes,
2011,a001,VfB Stuttgart,12,Alexander Stolz,GER,G,1.89,85,13-10-83,Pforzheim,Nöttingen,
2011,a001,VfB Stuttgart,13,Timo Gebhart,GER,M,1.82,76,12-4-89,Memmingen,1860 Munich,
2011,a001,VfB Stuttgart,14,Patrick Funk,GER,M,1.78,76,11-2-90,Aalen,Ulm,
2011,a001,VfB Stuttgart,15,Arthur Boka,CIV,D,1.66,67,2-4-83,Abidjan,Strasbourg,
2011,a001,VfB Stuttgart,17,Mathieu Delpierre,FRA,D,1.93,86,26-04-81,Nancy,Lille,
2011,a001,VfB Stuttgart,18,Cacau,GER,F,1.79,74,27-03-81,Santo André,Nürnberg,
2011,a001,VfB Stuttgart,20,Christian Gentner,GER,M,1.89,80,14-08-85,Nürtingen,Wolfsburg,
2011,a001,VfB Stuttgart,21,Khalid Boulahrouz,NED,D,1.83,74,28-12-81,Maassluis,Chelsea,
2011,a001,VfB Stuttgart,22,Matthias Schwarz,GER,M,1.8,72,28-12-87,Mittenberg,Ingolstadt,
2011,a001,VfB Stuttgart,23,Marc Ziegler,GER,G,1.92,89,13-06-76,Blicskastel,Borussia Dortmund,
2011,a001,VfB Stuttgart,24,Mamadou Bah,GUI,M,1.81,75,25-04-88,Conakry,Strasbourg,
2011,a001,VfB Stuttgart,25,Élson,BRA,M,1.72,67,16-11-81,Conceição do Araguaia,Palmeiras,
2011,a001,VfB Stuttgart,26,Daniel Didavi,GER,M,1.79,77,21-02-90,Nürtingen,None,
2011,a001,VfB Stuttgart,27,Stefano Celozzi,GER,D,1.71,65,2-11-88,Günzburg,Karlsruhe,
2011,a001,VfB Stuttgart,28,Tamás Hajnal,HUN,M,1.7,68,15-03-81,Esztergom,Borussia Dortmund,
2011,a001,VfB Stuttgart,29,Pavel Pogrebnyak,RUS,F,1.88,91,8-11-83,Moscow,Zenit St Petersburg,
2011,a001,VfB Stuttgart,31,Shinji Okazaki,JPN,F,1.73,70,16-04-86,Hyogo,Shimizu S-Pulse,
2011,a001,VfB Stuttgart,35,Christian Träsch,GER,D,1.8,73,1-9-87,Ingolstadt,1860 Munich,
2011,a001,VfB Stuttgart,36,Sven Schipplock,GER,F,1.85,79,8-11-88,Reutlingen,Reutlingen,
2011,a001,VfB Stuttgart,38,Ermin Bičakčić,BIH,D,1.85,81,24-01-90,Zvornik,None,
2011,a001,VfB Stuttgart,16,Sebastian Rudy,GER,M,1.79,73,28-02-90,Villingen- Schwenningen,,1899 Hoffenheim
2011,a001,VfB Stuttgart,16,Mauro Camoranesi,ITA,M,1.74,70,4-10-76,Tandil,,Lanús
2011,a001,Werder Bremen,1,Tim Wiese,GER,G,1.93,91,17-12-81,Bergisch-Gladbach,Kaiserslautern,
2011,a001,Werder Bremen,2,Sebastian Boenisch,POL,D,1.91,86,1-2-87,Gliwice,Schalke,
2011,a001,Werder Bremen,3,Petri Pasanen,FIN,D,1.87,86,24-09-80,Lahti,Ajax,
2011,a001,Werder Bremen,4,Naldo,BRA,D,1.98,89,10-9-82,Londrina,Juventude,
2011,a001,Werder Bremen,5,Wesley,BRA,M,1.79,63,24-06-87,Catanduva,Santos,
2011,a001,Werder Bremen,6,Tim Borowski,GER,M,1.94,85,2-5-80,Neubrandenburg,Bayern Munich,
2011,a001,Werder Bremen,7,Marko Arnautović,AUT,F,1.92,83,19-04-89,Vienna,FC Twente,
2011,a001,Werder Bremen,8,Clemens Fritz,GER,D,1.83,81,7-12-80,Erfurt,Bayer Leverkusen,
2011,a001,Werder Bremen,9,Denni Avdić,SWE,F,1.9,80,5-9-88,Huskvarna,IF Elfsborg,
2011,a001,Werder Bremen,10,Marko Marin,GER,M,1.7,63,13-03-89,Gradiška,B Mönchengladbach,
2011,a001,Werder Bremen,14,Aaron Hunt,GER,F,1.83,73,4-9-86,Goslar,None,
2011,a001,Werder Bremen,15,Sebastian Prödl,AUT,D,1.94,85,21-06-87,Graz,Sturm Graz,
2011,a001,Werder Bremen,16,Mikaël Silvestre,FRA,D,1.84,82,9-8-77,Chambray-Les-Tours,Arsenal,
2011,a001,Werder Bremen,17,Said Huseinović,BIH,M,1.85,80,13-05-88,Tuzla,Sloboda Tuzla,
2011,a001,Werder Bremen,18,Felix Kroos,GER,F,1.84,74,12-3-91,Greifswald,Hansa Rostock,
2011,a001,Werder Bremen,19,Sandro Wagner,GER,F,1.94,87,29-11-87,Munich,Duisburg,
2011,a001,Werder Bremen,20,Daniel Jensen,DEN,M,1.8,73,25-06-79,Copenhagen,Murcia,
2011,a001,Werder Bremen,21,Sebastian Mielitz,GER,G,1.88,73,18-07-89,Zehdenick,Energie Cottbus II,
2011,a001,Werder Bremen,22,Torsten Frings,GER,M,1.82,80,22-11-76,Würselen,Bayern Munich,
2011,a001,Werder Bremen,24,Claudio Pizarro,PER,F,1.84,79,3-10-78,Lima,Chelsea,
2011,a001,Werder Bremen,25,Samuel,BRA,D,1.9,83,7-4-86,São Paulo,São Paulo,
2011,a001,Werder Bremen,27,Niklas Andersen,GER,D,1.91,78,4-8-88,Frankfurt am Main,RW Essen,
2011,a001,Werder Bremen,28,Kevin Schindler,GER,F,1.91,79,21-05-88,Delmenhorst,None,
2011,a001,Werder Bremen,29,Per Mertesacker,GER,D,1.98,90,29-09-84,Hannover,Hannover 96,
2011,a001,Werder Bremen,31,Predrag Stevanović,SRB,M,1.78,62,9-3-91,Essen,Schalke,
2011,a001,Werder Bremen,32,José Alex Ikeng,GER,M,1.88,85,30-01-88,Bafia,Stuttgart II,
2011,a001,Werder Bremen,33,Christian Vander,GER,G,1.95,90,24-10-80,Willich,Bochum,
2011,a001,Werder Bremen,35,Florian Trinks,GER,M,1.83,73,11-3-92,Gera,Carl Zeiss Jena,
2011,a001,Werder Bremen,36,Lennart Thy,GER,F,1.82,75,25-02-92,Frechen,JFV Norden,
2011,a001,Werder Bremen,37,Leon Balogun,GER,D,1.9,81,28-06-88,Berlin,Hannover 96,
2011,a001,Werder Bremen,41,Dominik Schmidt,GER,D,1.87,78,1-7-87,Berlin,Tasmania Gropiusstadt,
2011,a001,Werder Bremen,42,Felix Wiedwald,GER,G,1.9,82,15-03-90,Thedinghausen,None,
2011,a001,Werder Bremen,43,Pascal Testroet,GER,F,1.84,76,26-09-90,Bocholt,Schalke II,
2011,a001,Werder Bremen,44,Philipp Bargfrede,GER,M,1.74,71,3-3-89,Zeven,None,
2011,a001,Werder Bremen,46,Onur Ayık,TUR,F,1.8,77,28-01-90,Walsrode,None,
2011,a001,Werder Bremen,45,Timo Perthel,GER,M,1.83,73,11-2-89,Kaiserslautern,,Sturm Graz (On Loan)
2011,a001,Werder Bremen,9,Markus Rosenberg,SWE,F,1.85,80,27-09-82,Malmö,,Racing Santander (On Loan)
2011,a001,Werder Bremen,23,Hugo Almeida,POR,F,1.91,93,23-05-84,Figueira da Foz,,Beşiktaş
2011,a001,VfL Wolfsburg,1,Diego Benaglio,SUI,G,1.93,83,8-9-83,Zürich,Nacional [POR],
2011,a001,VfL Wolfsburg,3,Arne Friedrich,GER,D,1.85,76,29-05-79,Bad Oeynhausen,Hertha Berlin,
2011,a001,VfL Wolfsburg,4,Marcel Schäfer,GER,D,1.82,76,7-6-84,Aschaffenburg,1860 Munich,
2011,a001,VfL Wolfsburg,5,Koo Ja-Cheol,KOR,M,1.83,75,27-02-89,Chungju,Jeju U,
2011,a001,VfL Wolfsburg,6,Tuncay Şanlı,TUR,F,1.82,70,16-01-82,Sakarya,Stoke C,
2011,a001,VfL Wolfsburg,7,Josué,BRA,M,1.69,63,19-07-79,Vitoria de Santo Antão,São Paulo,
2011,a001,VfL Wolfsburg,8,Thomas Kahlenberg,DEN,M,1.83,72,20-03-83,Hvidovre,Auxerre,
2011,a001,VfL Wolfsburg,11,Cícero,BRA,M,1.8,72,26-08-84,Castelo,Tombense,
2011,a001,VfL Wolfsburg,12,André Lenz,GER,G,1.91,92,19-11-73,Mülheim an der Ruhr,1860 Munich,
2011,a001,VfL Wolfsburg,13,Makoto Hasebe,JPN,M,1.77,65,18-01-84,Shizuoka,Urawa Red Diamonds,
2011,a001,VfL Wolfsburg,14,Tolga Ciğerci,GER,M,1.85,75,23-03-92,Nordenham,None,
2011,a001,VfL Wolfsburg,16,Fabian Johnson,GER,D,1.83,70,11-12-87,Munich,1860 Munich,
2011,a001,VfL Wolfsburg,17,Alexander Madlung,GER,D,1.93,87,11-7-82,Braunschweig,Hertha Berlin,
2011,a001,VfL Wolfsburg,18,Mario Mandžukić,CRO,F,1.86,76,21-05-86,Slavonski Brod,Dinamo Zagreb,
2011,a001,VfL Wolfsburg,19,Peter Pekarik,SVK,D,1.76,69,30-10-86,Žilina,MŠK Žilina,
2011,a001,VfL Wolfsburg,20,Sascha Riether,GER,D,1.74,70,23-03-83,Lahr,Freiburg,
2011,a001,VfL Wolfsburg,23,Grafite,BRA,F,1.89,81,2-4-79,Jundiaí,Le Mans,
2011,a001,VfL Wolfsburg,24,Ashkan Dejagah,GER,F,1.81,74,5-7-86,Tehran,Hertha Berlin,
2011,a001,VfL Wolfsburg,25,Dieumerci Mbokani,COD,F,1.85,75,22-11-85,Kinshasa,Monaco,
2011,a001,VfL Wolfsburg,27,Akaki Gogia,GER,M,1.77,73,18-01-92,Rustavi,None,
2011,a001,VfL Wolfsburg,28,Diego,BRA,M,1.74,76,28-02-85,Ribeirão Preto,Juventus,
2011,a001,VfL Wolfsburg,29,Jan Polak,CZE,M,1.81,77,14-03-81,Brno,Anderlecht,
2011,a001,VfL Wolfsburg,30,Yohandry Orozco,VEN,M,1.64,53,19-03-91,Maracaibo,Zulia,
2011,a001,VfL Wolfsburg,31,Robin Knoche,GER,D,1.72,67,22-05-92,Braunschweig,None,
2011,a001,VfL Wolfsburg,32,Sebastian Schindzielorz,GER,M,1.8,74,21-01-79,Krapkowice,Levadiakos,
2011,a001,VfL Wolfsburg,33,Patrick Helmes,GER,F,1.82,70,1-3-84,Cologne,Bayer Leverkusen,
2011,a001,VfL Wolfsburg,34,Simon Kjær,DEN,D,1.89,82,26-03-89,Horsens,Palermo,
2011,a001,VfL Wolfsburg,35,Marwin Hitz,SUI,G,1.92,89,18-09-87,St. Gallen,St. Gallen,
2011,a001,VfL Wolfsburg,37,Sergej Karimov,GER,D,1.8,75,21-12-86,Saran,None,
2011,a001,VfL Wolfsburg,39,Michael Schulze,GER,D,1.85,80,13-01-89,Göttingen,None,
2011,a001,VfL Wolfsburg,10,Zvjezdan Misimović,BIH,M,1.8,79,5-6-82,Munich,,Galatasaray
2011,a001,VfL Wolfsburg,9,Edin Džeko,BIH,F,1.92,80,17-03-86,Doboj,,Manchester C
2011,a001,VfL Wolfsburg,15,Karim Ziani,ALG,M,1.69,66,17-08-82,Sèvres,,Kayserispor (On Loan)
2011,a001,VfL Wolfsburg,21,Nassim Ben Khalifa,SUI,F,1.8,69,13-01-92,Prangins,,Nürnberg (On Loan)
2011,a001,VfL Wolfsburg,31,Caiuby,BRA,F,1.83,75,14-07-88,São Paulo,,Ingolstadt (On Loan)
2011,a001,VfL Wolfsburg,43,Andrea Barzagli,ITA,D,1.86,79,8-5-81,Fiesole,,Juventus