Year,Number,Name,Nat,Pos,Height,Weight,Date of Birth,Birth Place,Current Club
2010,1,Hugo Lloris,FRA,G,1.88,78,26-12-86,Nice,Lyon
2010,2,Bacary Sagna,FRA,D,1.76,72,14-02-83,Sens,Arsenal
2010,3,Eric Abidal,FRA,D,1.86,75,11 07,Lyon,Barcelona
2010,4,Anthony Réveillère,FRA,D,1.81,76,10-11-79,Doué-La-Fontaine,Lyon
2010,5,William Gallas,FRA,D,1.83,72,17-08-77,Asnieres,Arsenal
2010,6,Marc Planus,FRA,D,1.83,76,07-03-82,Bordeaux,Bordeaux
2010,7,Franck Ribéry,FRA,M,1.7,73,01-04-83,Boulogne-sur-Mer,Bayern Munich
2010,8,Yoann Gourcuff,FRA,M,1.85,79,11-07-86,Lorient,Bordeaux
2010,9,Djibril Cissé,FRA,F,1.82,78,12-08-81,Arles,Panathinaikos
2010,10,Sidney Govou,FRA,F,1.75,75,27-07-79,Le Puy-en-Valay,Lyon
2010,11,André-Pierre Gignac,FRA,F,1.87,84,12 05,Martigues,Toulouse
2010,12,Thierry Henry,FRA,F,1.88,83,17-08-77,Les Ulis,Barcelona
2010,13,Patrice Evra,FRA,D,1.75,76,15-05-81,Dakar,Manchester U
2010,14,Jérémy Toulalan,FRA,M,1.83,77,10-09-83,Nantes,Lyon
2010,15,Florent Malouda,FRA,M,1.81,73,13-06-80,Cayenne,Chelsea
2010,16,Steve Mandanda,FRA,G,1.85,82,28-03-85,Kinshasa,Marseille
2010,17,Sébastien Squillaci,FRA,D,1.84,76,11-08-80,Toulon,Sevilla
2010,18,Alou Diarra,FRA,M,1.9,79,15-07-81,Villepinte,Bordeaux
2010,19,Abou Diaby,FRA,M,1.88,75,11 05,Paris,Arsenal
2010,20,Mathieu Valbuena,FRA,M,1.67,58,28-09-84,Bordeaux,Marseille
2010,21,Nicolas Anelka,FRA,F,1.85,77,14-03-79,Versailles,Chelsea
2010,22,Gaël Clichy,FRA,D,1.81,72,26-07-85,Toulouse,Arsenal
2010,23,Cédric Carrasso,FRA,G,1.87,87,30-12-81,Avignon,Bordeaux
2010,1,Óscar Pérez,MEX,G,1.71,72,1 2,Mexico City,Cruz Azul
2010,2,Francisco Rodríguez,MEX,D,1.91,79,20-10-81,Mazatlán,PSV Eindhoven
2010,3,Carlos Salcido,MEX,D,1.74,70,02-04-80,Ocotlán,PSV Eindhoven
2010,4,Rafael Márquez,MEX,D,1.82,74,13-02-79,Zamora,Barcelona
2010,5,Ricardo Osorio,MEX,D,1.73,68,30-03-80,Huajuapan De León,Stuttgart
2010,6,Gerardo Torrado,MEX,M,1.73,72,30-04-79,Mexico City,Cruz Azul
2010,7,Pablo Barrera,MEX,M,1.75,65,21-06-87,Tlalnepantla de Baz,UNAM
2010,8,Israel Castro,MEX,M,1.76,67,20-12-80,Mexico City,UNAM
2010,9,Guillermo Franco,MEX,F,1.82,76,03 11,Corrientes,West Ham U
2010,10,Cuauhtémoc Blanco,MEX,F,1.77,70,17-01-73,Mexico City,Veracruz
2010,11,Carlos Vela,MEX,F,1.76,72,01 03,Cancún,Arsenal
2010,12,Paul Aguilar,MEX,D,1.77,65,06-03-86,Concordia,Pachuca
2010,13,Guillermo Ochoa,MEX,G,1.83,73,13-07-85,Guadalajara,América
2010,14,Javier Hernández,MEX,F,1.72,62,01-06-88,Guadalajara,Guadalajara
2010,15,Héctor Moreno,MEX,D,1.82,80,17-01-88,Culiacán,AZ Alkmaar
2010,16,Efrain Juárez,MEX,D,1.72,65,22-02-88,Mexico City,UNAM
2010,17,Giovani dos Santos,MEX,M,1.73,77,11-05-89,Monterrey,Tottenham H
2010,18,Andrés Guardado,MEX,M,1.69,60,28-09-86,Guadalajara,Deportivo La Coruña
2010,19,Jonny Magallón,MEX,D,1.78,74,21-11-81,Ocotlán,Guadalajara
2010,20,Jorge Torres,MEX,D,1.76,69,16-09-88,Tijuana,Atlas
2010,21,Adolfo Bautista,MEX,M,1.85,76,15-09-79,Dolores Hidalgo,Guadalajara
2010,22,Alberto Medina,MEX,M,1.72,63,29-05-83,Culiacán,Guadalajara
2010,23,Luis Michel,MEX,G,1.78,75,21-07-79,Guadalajara,Guadalajara
2010,1,Moeneeb Josephs,RSA,G,1.79,89,19-05-80,Mitchell's Plain,Orlando Pirates
2010,2,Siboniso Gaxa,RSA,D,1.85,63,06-04-84,Port Elizabeth,Mamelodi Sundowns
2010,3,Tsepo Masilela,RSA,D,1.75,70,05-05-85,Witbank,Maccabi Haifa
2010,4,Aaron Mokoena,RSA,D,1.85,82,25-11-80,Johannesburg,Portsmouth
2010,5,Anele Ngcongca,RSA,D,1.82,68,21-10-87,Cape Town,KRC Genk
2010,6,Macbeth Sibaya,RSA,M,1.75,72,25-11-77,Durban,Rubin Kazan
2010,7,Lance Davids,RSA,M,1.76,73,11-04-85,Cape Town,Ajax Cape Town
2010,8,Siphiwe Tshabalala,RSA,M,1.7,72,25-09-84,Soweto,Kaizer Chiefs
2010,9,Katlego Mphela,RSA,F,1.83,70,29-11-84,Brits,Mamelodi Sundowns
2010,10,Steven Pienaar,RSA,M,1.7,66,17-03-82,Johannesburg,Everton
2010,11,Teko Modise,RSA,M,1.78,79,22-01-86,Molapo,Orlando Pirates
2010,12,Reneilwe Letsholonyane,RSA,M,1.68,69,09-06-82,White City,Kaizer Chiefs
2010,13,Kagisho Dikgacoi,RSA,M,1.8,80,24-11-84,Brandfort,Fulham
2010,14,Matthew Booth,RSA,D,1.99,94,14-03-77,Cape Town,Mamelodi Sundowns
2010,15,Lucas Thwala,RSA,D,1.71,75,19-10-81,Jeppies Reef,Orlando Pirates
2010,16,Itumeleng Khune,RSA,G,1.75,80,20-06-87,Ventersdorp,Kaizer Chiefs
2010,17,Bernard Parker,RSA,F,1.7,72,16-03-86,Boksburg,FC Twente
2010,18,Siyabonga Nomvethe,RSA,F,1.78,74,02-12-77,Kwa Mashu,Moroka Swallows
2010,19,Surprise Moriri,RSA,M,1.73,72,20-03-80,Matibidi,Mamelodi Sundowns
2010,20,Bongani Khumalo,RSA,D,1.88,82,06-01-87,Manzini,SuperSport U
2010,21,Siyabonga Sangweni,RSA,D,1.83,78,28-09-81,Empangeni,Golden Arrows
2010,22,Shu-Aib Walters,RSA,G,1.89,84,26-12-81,Cape Town,Maritzburg U
2010,23,Thanduyise Khuboni,RSA,M,1.81,72,23-05-86,Durban,Golden Arrows
2010,1,Fernando Muslera,URU,G,1.9,77,16-06-86,Montevideo,Lazio
2010,2,Diego Lugano,URU,D,1.88,84,02 11,Canelones,Fenerbahçe
2010,3,Diego Godín,URU,D,1.85,73,16-02-86,Rosario,Villarreal
2010,4,Jorge Fucile,URU,D,1.78,77,19-11-84,Montevideo,FC Porto
2010,5,Walter Gargano,URU,M,1.68,65,23-07-84,Paysandù,Napoli
2010,6,Mauricio Victorino,URU,D,1.8,78,11-10-82,Montevideo,Universidad de Chile
2010,7,Edinson Cavani,URU,F,1.84,71,14-02-87,Montevideo,Palermo
2010,8,Sebastián Eguren,URU,M,1.86,84,08-01-81,Montevideo,Villarreal
2010,9,Luis Suárez,URU,F,1.81,81,24-01-87,Salto,Ajax
2010,10,Diego Forlán,URU,F,1.8,75,19-05-79,Montevideo,Atlético Madrid
2010,11,Álvaro Pereira,URU,M,1.85,80,28-11-85,Montevideo,FC Porto
2010,12,Juan Castillo,URU,G,1.82,80,17-04-78,Montevideo,Deportivo Cali
2010,13,Sebastián Abreu,URU,F,1.93,84,17-10-76,Minas Lavalleja,Botafogo
2010,14,Nicolás Lodeiro,URU,M,1.7,69,18-12-89,Paysandú,Ajax
2010,15,Diego Pérez,URU,M,1.77,81,18-05-80,Montevideo,Monaco
2010,16,Maximiliano Pereira,URU,D,1.73,70,8-6-84,Montevideo,Benfica
2010,17,Egidio Arévalo,URU,M,1.69,71,01-01-82,Paysandú,Monterrey
2010,18,Nacho González,URU,M,1.8,73,14-05-82,Montevideo,Valencia
2010,19,Andrés Scotti,URU,M,1.81,80,14-12-75,Flores,Colo-Colo
2010,20,Álvaro Fernández,URU,M,1.85,68,11-10-85,Colonia,Universidad de Chile
2010,21,Sebastián Fernández,URU,F,1.67,69,23-05-85,Montevideo,Banfield
2010,22,Martín Cáceres,URU,D,1.82,77,07 04,Montevideo,Barcelona
2010,23,Martín Silva,URU,G,1.86,80,25-03-83,Montevideo,Defensor Sporting
2010,1,Diego Pozo,ARG,G,1.9,86,16-02-78,Mendoza,Colón (Santa Fe)
2010,2,Martin Demichelis,ARG,D,1.84,78,20-12-80,Justiniano Posse,Bayern Munich
2010,3,Clemente Rodríguez,ARG,D,1.67,66,31-07-81,Capital Federal,Estudiantes (LP)
2010,4,Nicolás Burdisso,ARG,D,1.82,81,12-04-81,Altos de Chipión,Internazionale
2010,5,Mario Bolatti,ARG,M,1.9,80,17-02-85,La Para,Fiorentina
2010,6,Gabriel Heinze,ARG,D,1.78,72,19-04-78,Crespo,Marseille
2010,7,Ángel Di Maria,ARG,M,1.78,75,14-02-88,Rosario,Benfica
2010,8,Juan Sebastián Verón,ARG,M,1.82,79,09-03-75,La Plata,Estudiantes (LP)
2010,9,Gonzalo Higuaín,ARG,F,1.84,75,10-12-87,Brest,Real Madrid
2010,10,Lionel Messi,ARG,M,1.69,67,24-06-87,Santa Fe,Barcelona
2010,11,Carlos Tévez,ARG,F,1.71,75,05-02-84,Ciudadela,Manchester C
2010,12,Ariel Garcé,ARG,D,1.77,71,14-07-79,Tandil,Colón (Santa Fe)
2010,13,Walter Samuel,ARG,D,1.83,83,23-03-78,Firmat,Internazionale
2010,14,Javier Mascherano,ARG,M,1.78,77,08-06-84,Rosario,Liverpool
2010,15,Nicolás Otamendi,ARG,D,1.78,75,12-02-88,Pacheco,Vélez Sarsfield
2010,16,Sergio Agüero,ARG,F,1.72,74,02-06-88,Capital Federal,Atlético Madrid
2010,17,Jonás Gutiérrez,ARG,M,1.82,70,05-07-82,Sáenz Peña,Newcastle U
2010,18,Martín Palermo,ARG,F,1.87,84,07-11-73,La Plata,Boca Juniors
2010,19,Diego Milito,ARG,F,1.83,78,12-06-79,Bernal,Internazionale
2010,20,Maxi Rodríguez,ARG,M,1.8,79,02-01-81,Rosario,Liverpool
2010,21,Mariano Andújar,ARG,G,1.94,87,30-07-83,Capital Federal,Catania
2010,22,Sergio Romero,ARG,G,1.92,87,22-02-87,Bernardo de Irigoyen,AZ Alkmaar
2010,23,Javier Pastore,ARG,M,1.87,75,20-06-89,Córdoba,Palermo
2010,1,Konstantinos Chalkias,GRE,G,1.99,88,30-05-74,Larisa,PAOK
2010,2,Georgios Seitaridis,GRE,D,1.85,79,04-06-81,Piraeus,Panathinaikos
2010,3,Christos Patsatzoglou,GRE,D,1.82,73,19-03-79,Athens,Omonia Nicosia
2010,4,Nikos Spiropoulos,GRE,D,1.72,69,10 10,Giannina,Panathinaikos
2010,5,Vangelis Moras,GRE,D,1.93,78,26-08-81,Larisa,Bologna
2010,6,Alexandros Tziolis,GRE,M,1.89,84,13-02-85,Katerini,Siena
2010,7,Giorgos Samaras,GRE,F,1.93,82,21-02-85,Heraklion,Celtic
2010,8,Avraam Papadopoulos,GRE,D,1.86,79,03-12-84,Sydney,Olympiakos
2010,9,Aggelos Charisteas,GRE,F,1.9,82,09-02-80,Serres,Nürnberg
2010,10,Giorgos Karagounis,GRE,M,1.76,74,06 03,Pyrgos,Panathinaikos
2010,11,Loukas Vyntra,GRE,D,1.84,76,05-02-81,Alberhiche,Panathinaikos
2010,12,Alexandros Tzorvas,GRE,G,1.88,80,12 08,Athens,Panathinaikos
2010,13,Michalis Sifakis,GRE,G,1.85,80,9-9-84,Arta,Aris
2010,14,Dimitris Salpigidis,GRE,F,1.72,74,18-08-81,Thessaloniki,Panathinaikos
2010,15,Vasilis Torosidis,GRE,D,1.85,80,10 06,Xanthi,Olympiakos
2010,16,Sotirios Kyrgiakos,GRE,D,1.92,85,23-07-79,Trikala,Liverpool
2010,17,Theofanis Gekas,GRE,F,1.79,82,23-05-80,Larissa,Bayer Leverkusen
2010,18,Sotiris Ninis,GRE,M,1.73,69,03-04-90,Himara,Panathinaikos
2010,19,Sokratis Papastathopoulos,GRE,D,1.83,82,09-06-88,Kalamata,Genoa
2010,20,Pantelis Kapetanos,GRE,F,1.9,82,08 06,Ptolemaida,Steaua Bucureşti
2010,21,Kostas Katsouranis,GRE,M,1.83,84,21-06-79,Patra,Panathinaikos
2010,22,Stelios Malezas,GRE,D,1.92,81,11-03-85,Katerini,PAOK
2010,23,Thanassis Prittas,GRE,M,1.83,78,09-01-79,Thessaloniki,Aris
2010,1,Vincent Enyeama,NGA,G,1.8,80,29-08-82,Aba,Hapoel Tel Aviv
2010,2,Joseph Yobo,NGA,D,1.88,70,06-09-80,Kano,Everton
2010,3,Taye Taiwo,NGA,D,1.83,77,16-04-85,Lagos,Marseille
2010,4,Nwankwo Kanu,NGA,F,1.96,83,01-08-76,Owerri,Portsmouth
2010,5,Rabiu Afolabi,NGA,D,1.83,77,18-04-80,Osobo,Red Bull Salzburg
2010,6,Danny Shittu,NGA,D,1.91,95,02-09-80,Lagos,Bolton W
2010,7,John Utaka,NGA,F,1.79,82,08 01,Legugnu,Portsmouth
2010,8,Yakubu Aiyegbeni,NGA,F,1.83,83,22-11-82,Benin City,Everton
2010,9,Obafemi Martins,NGA,F,1.76,67,28-10-84,Lagos,Wolfsburg
2010,10,Brown Ideye,NGA,F,1.8,70,10 10,Yenagoa,Sochaux
2010,11,Peter Odemwingie,NGA,F,1.82,74,15-07-81,Tashkent,Lokomotiv Moscow
2010,12,Kalu Uche,NGA,F,1.79,71,15-11-82,Aba,Almería
2010,13,Ayila Yussuf,NGA,M,1.82,73,04-11-84,Lagos,Dynamo Kiev
2010,14,Sani Kaita,NGA,M,1.79,73,02-05-86,Kano,Monaco
2010,15,Lukman Haruna,NGA,M,1.85,77,04-12-90,Lagos,Monaco
2010,16,Austin Ejide,NGA,G,1.9,90,08-04-84,Onitsha,Hapoel Petah Tikva
2010,17,Chidi Odiah,NGA,D,1.8,79,17-12-83,Port Harcourt,CSKA Moscow
2010,18,Victor Obinna,NGA,F,1.78,78,25-03-87,Jos,Internazionale
2010,19,Chinedu Obasi Ogbuke,NGA,F,1.83,82,01-06-86,Enugu,1899 Hoffenheim
2010,20,Dickson Etuhu,NGA,M,1.88,83,08 06,Kano,Fulham
2010,21,Elderson Uwa Echiejile,NGA,D,1.84,76,20-01-88,Cotonou,Rennes
2010,22,Dele Adeleye,NGA,D,1.89,76,25-12-88,Lagos,Sparta Rotterdam
2010,23,Dele Aiyenugba,NGA,G,1.8,80,20-11-83,Jos,Bnei Yehuda
2010,1,Lee Woon-Jae,KOR,G,1.82,82,26-04-73,Jeonju,Suwon Samsung Bluewings
2010,2,Oh Beom-Seok,KOR,D,1.81,75,29-07-84,Pohang,Ulsan Hyundai Horang-i
2010,3,Kim Hyung-Il,KOR,D,1.87,83,27-04-84,Incheon,Pohang Steelers
2010,4,Cho Yong-Hyung,KOR,D,1.83,72,03-11-83,Incheon,Jeju U
2010,5,Kim Nam-Il,KOR,M,1.82,76,14-03-77,Incheon,Tom Tomsk
2010,6,Kim Bo-Kyung,KOR,M,1.78,73,06-10-89,Gurye,Cerezo Osaka
2010,7,Park Ji-Sung,KOR,M,1.75,70,25-02-81,Suwon,Manchester U
2010,8,Kim Jung-Woo,KOR,M,1.83,70,09-05-82,Incheon,Gwangju Sangmu
2010,9,Ahn Jung-Hwan,KOR,F,1.78,78,27-01-76,Qungiadi,Dalian Shide
2010,10,Park Chu-Young,KOR,F,1.82,75,10 07,Daegu,Monaco
2010,11,Lee Seung-Yeoul,KOR,F,1.82,72,06 03,Bucheon,FC Seoul
2010,12,Lee Young-Pyo,KOR,D,1.76,66,23-04-77,Hongcheon,Al-Hilal
2010,13,Kim Jae-Sung,KOR,M,1.8,70,03-10-83,Goyang,Pohang Steelers
2010,14,Lee Jung-Soo,KOR,D,1.85,76,08-01-80,Gimhae,Kashima Antlers
2010,15,Kim Dong-Jin,KOR,D,1.83,77,29-01-82,Dongducheon,Ulsan Hyundai Horang-i
2010,16,Ki Sung-Yueng,KOR,M,1.87,79,24-01-89,Gwangju,Celtic
2010,17,Lee Chung-Yong,KOR,M,1.8,69,2 7,Seoul,Bolton W
2010,18,Jung Sung-Ryong,KOR,G,1.9,88,14-01-85,Jeju,Seongnam Ilhwa Chunma
2010,19,Yeom Ki-Hun,KOR,F,1.81,76,30-03-83,Haenam,Suwon Samsung Bluewings
2010,20,Lee Dong-Gook,KOR,F,1.85,80,29-04-79,Pohang,Jeonbuk Hyundai Motors
2010,21,Kim Young-Kwang,KOR,G,1.84,85,28-06-83,Goheung,Ulsan Hyundai Horang-i
2010,22,Cha Du-Ri,KOR,D,1.81,81,25-07-80,Frankfurt am Main,Freiburg
2010,23,Kang Min-Soo,KOR,D,1.86,76,14-02-86,Goyang,Suwon Samsung Bluewings
2010,1,Lounès Gaouaoui,ALG,G,1.88,84,28-09-77,Tizi Ouzou,ASO Chlef
2010,2,Madjid Bougherra,ALG,D,1.88,89,07-10-82,Longvic,Rangers
2010,3,Nadir Belhadj,ALG,D,1.75,67,18-06-82,Saint Claude,Portsmouth
2010,4,Anther Yahia,ALG,D,1.85,79,21-03-82,Mulhouse,Bochum
2010,5,Rafik Halliche,ALG,D,1.87,77,02-09-86,Algiers,Benfica
2010,6,Yazid Mansouri,ALG,M,1.75,69,25-02-78,Revin,Lorient
2010,7,Ryad Boudebouz,ALG,M,1.72,59,19-02-90,Colmar,Sochaux
2010,8,Mehdi Lacen,ALG,M,1.76,74,15-03-84,Versailles,Racing Santander
2010,9,Abdelkader Ghezzal,ALG,F,1.83,78,05-12-84,Decines Charpieu,Siena
2010,10,Rafik Saïfi,ALG,F,1.78,72,07-02-75,Algiers,Al-Khor
2010,11,Rafik Djebbour,ALG,F,1.85,77,08-03-84,Grenoble,AEK
2010,12,Habib Bellaid,ALG,D,1.89,83,28-03-86,Bobigny,Eintracht Frankfurt
2010,13,Karim Matmour,ALG,F,1.8,67,25-06-85,Strasbourg,B Mönchengladbach
2010,14,Abdelkader Laïfaoui,ALG,D,1.78,69,09-07-81,Hussein Dey,ES Sétif
2010,15,Karim Ziani,ALG,M,1.69,66,17-08-82,Sèvres,Wolfsburg
2010,16,Faouzi Chaouchi,ALG,G,1.92,82,5 12,Bordj Menaïel,ES Sétif
2010,17,Adlène Guédioura,ALG,M,1.85,80,12-11-85,La Roche-sur-Yon,Wolverhampton W
2010,18,Carl Medjani,ALG,D,1.84,84,15-05-85,Lyon,Ajaccio
2010,19,Hassan Yebda,ALG,M,1.87,77,14-05-84,Saint-Maurice,Benfica
2010,20,Djamel Mesbah,ALG,M,1.79,72,09-10-84,Annecy,Lecce
2010,21,Foued Kadir,ALG,M,1.79,68,05-12-83,Martigues,Valenciennes
2010,22,Djamel Abdoun,ALG,M,1.8,65,14-02-86,Montreuil-sous-Bois,Nantes
2010,23,Raïs M'Bolhi,ALG,G,1.88,80,25-04-86,Paris,Slavia Sofia
2010,1,David James,ENG,G,1.94,94,01-08-70,Welwyn Garden City,Portsmouth
2010,2,Glen Johnson,ENG,D,1.82,70,23-08-84,Greenwich,Liverpool
2010,3,Ashley Cole,ENG,D,1.72,67,20-12-80,Stepney,Chelsea
2010,4,Steven Gerrard,ENG,M,1.83,79,30-05-80,Whiston,Liverpool
2010,5,Michael Dawson,ENG,D,1.88,76,18-11-83,Northallerton,Tottenham H
2010,6,John Terry,ENG,D,1.86,91,7 12,Barking,Chelsea
2010,7,Aaron Lennon,ENG,M,1.65,63,16-04-87,Chapeltown,Tottenham H
2010,8,Frank Lampard,ENG,M,1.83,90,20-06-78,Romford,Chelsea
2010,9,Peter Crouch,ENG,F,2.01,80,30-01-81,Macclesfield,Tottenham H
2010,10,Wayne Rooney,ENG,F,1.78,78,24-10-85,Croxteth,Manchester U
2010,11,Joe Cole,ENG,M,1.76,73,08-11-81,Paddington,Chelsea
2010,12,Robert Green,ENG,G,1.91,93,18-01-80,Chertsey,West Ham U
2010,13,Stephen Warnock,ENG,D,1.78,75,12 12,Ormskirk,Aston Villa
2010,14,Gareth Barry,ENG,M,1.83,79,23-02-81,Hastings,Manchester C
2010,15,Matthew Upson,ENG,D,1.85,72,18-04-79,Hartismere,West Ham U
2010,16,James Milner,ENG,M,1.7,67,04-01-86,Wortley,Aston Villa
2010,17,Shaun Wright-Phillips,ENG,M,1.66,64,25-10-81,Greenwich,Manchester C
2010,18,Jamie Carragher,ENG,D,1.85,83,28-01-78,Bootle,Liverpool
2010,19,Jermain Defoe,ENG,F,1.69,65,07-10-82,Beckton,Tottenham H
2010,20,Ledley King,ENG,D,1.88,86,12-10-80,Bow,Tottenham H
2010,21,Emile Heskey,ENG,F,1.88,88,11 01,Leicester,Aston Villa
2010,22,Michael Carrick,ENG,M,1.86,74,28-07-81,Wallsend,Manchester U
2010,23,Joe Hart,ENG,G,1.91,80,19-04-87,Shrewsbury,Manchester C
2010,1,Jasmin Handanovič,SVN,G,1.96,98,28-01-78,Ljubljana,Mantova
2010,2,Mišo Brečko,SVN,D,1.78,68,01-05-84,Trbovlje,Köln
2010,3,Elvedin Džinič,SVN,D,1.85,80,25-08-85,Zavidovići,Maribor
2010,4,Marko Šuler,SVN,D,1.86,79,09-03-83,Slovenj Gradec,KAA Gent
2010,5,Boštjan Cesar,SVN,D,1.91,87,9 7,Ljubljana,Grenoble
2010,6,Branko Ilič,SVN,D,1.88,80,06-02-83,Ljubljana,Lokomotiv Moscow
2010,7,Nejc Pečnik,SVN,M,1.89,80,03-01-86,Dravograd,Nacional [POR]
2010,8,Robert Koren,SVN,M,1.75,71,20-09-80,Ljubljana,WBA
2010,9,Zlatan Ljubijankič,SVN,F,1.82,84,15-12-83,Ljubljana,KAA Gent
2010,10,Valter Birsa,SVN,F,1.84,79,07-08-86,Sempeter pri Gorici,Auxerre
2010,11,Milivoje Novakovič,SVN,F,1.92,85,18-05-79,Ljubljana,Köln
2010,12,Samir Handanovič,SVN,G,1.93,82,14-07-84,Ljubljana,Udinese
2010,13,Bojan Jokič,SVN,D,1.76,75,17-05-86,Kranj,Sochaux
2010,14,Zlatko Dedič,SVN,F,1.82,77,05-10-84,Bihać,Bochum
2010,15,Rene Krhin,SVN,M,1.89,78,21-05-90,Maribor,Internazionale
2010,16,Aleksander Šeliga,SVN,G,1.87,80,01-02-80,Celje,Sparta Rotterdam
2010,17,Andraž Kirm,SVN,M,1.83,73,06 09,Ljubljana,Wisła Kraków
2010,18,Aleksandar Radosavljevič,SVN,M,1.82,77,25-04-79,Kranj,Larissa
2010,19,Suad Filekovič,SVN,D,1.9,86,16-09-78,Ljubljana,Maribor
2010,20,Andrej Komac,SVN,M,1.76,72,04-12-79,Nova Gorica,Maccabi Tel-Aviv
2010,21,Dalibor Stevanovič,SVN,M,1.83,75,27-09-84,Ljubljana,Vitesse
2010,22,Matej Mavrič,SVN,D,1.87,85,29-01-79,Koper,Koblenz
2010,23,Tim Matavž,SVN,F,1.88,74,13-01-89,Šempeter pri Gorici,FC Groningen
2010,1,Tim Howard,USA,G,1.91,95,06-03-79,North Brunswick,Everton
2010,2,Jonathan Spector,USA,D,1.82,79,01 03,Arlington Heights,West Ham U
2010,3,Carlos Bocanegra,USA,D,1.83,78,25-05-79,Alta Loma,Rennes
2010,4,Michael Bradley,USA,M,1.85,82,31-07-87,Palatine,B Mönchengladbach
2010,5,Oguchi Onyewu,USA,D,1.92,91,13-05-82,Washington,Milan
2010,6,Steve Cherundolo,USA,D,1.68,66,19-02-79,Rockford,Hannover 96
2010,7,DaMarcus Beasley,USA,M,1.73,66,24-05-82,Fort Wayne,Rangers
2010,8,Clint Dempsey,USA,M,1.86,84,09-03-83,Nacogdoches,Fulham
2010,9,Hérculez Gómez,USA,F,1.78,75,06-04-82,Las Vegas,Puebla
2010,10,Landon Donovan,USA,F,1.73,72,04-03-82,Ontario,LA Galaxy
2010,11,Stuart Holden,USA,M,1.78,73,01-08-85,Aberdeen,Bolton W
2010,12,Jonathan Bornstein,USA,D,1.75,66,07-11-84,Torrance,Chivas USA
2010,13,Ricardo Clark,USA,M,1.78,68,10-02-83,Atlanta,Eintracht Frankfurt
2010,14,Edson Buddle,USA,F,1.85,77,21-05-81,New Rochelle,LA Galaxy
2010,15,Jay DeMerit,USA,D,1.8,82,04-12-79,Green Bay,Watford
2010,16,José Torres,USA,M,1.65,61,29-10-87,Longview,Pachuca
2010,17,Jozy Altidore,USA,F,1.82,78,06-11-89,Boca Raton,Villarreal
2010,18,Brad Guzan,USA,G,1.93,94,09-09-84,Home Glen,Aston Villa
2010,19,Maurice Edu,USA,M,1.83,77,18-04-86,San Bernardino,Rangers
2010,20,Robbie Findley,USA,F,1.75,75,04-08-85,Phoenix,Real Salt Lake
2010,21,Clarence Goodson,USA,D,1.93,77,17-05-82,Alexandria,Start
2010,22,Benny Feilhaber,USA,M,1.75,68,19-01-85,Rio de Janeiro,Aarhus
2010,23,Marcus Hahnemann,USA,G,1.91,99,15-06-72,Seattle,Wolverhampton W
2010,1,Mark Schwarzer,AUS,G,1.94,85,06-10-72,Sydney,Fulham
2010,2,Lucas Neill,AUS,D,1.85,78,09-03-78,Sydney,Galatasaray
2010,3,Craig Moore,AUS,D,1.85,76,12-12-75,Sydney,Un-attached
2010,4,Tim Cahill,AUS,M,1.78,69,06-12-79,Sydney,Everton
2010,5,Jason Čulina,AUS,M,1.75,76,05-08-80,Sydney,Gold Coast U
2010,6,Michael Beauchamp,AUS,D,1.91,85,08-03-81,Sydney,Al-Jazira
2010,7,Brett Emerton,AUS,M,1.85,85,22-02-79,Bankstown,Blackburn R
2010,8,Luke Wilkshire,AUS,D,1.76,75,02-10-81,Wollongong,Dynamo Moscow
2010,9,Joshua Kennedy,AUS,F,1.94,84,20-08-82,Wodonga,Nagoya Grampus
2010,10,Harry Kewell,AUS,F,1.8,70,22-09-78,Sydney,Galatasaray
2010,11,Scott Chipperfield,AUS,M,1.8,80,30-12-75,Wollongong,Basel
2010,12,Adam Federici,AUS,G,1.88,90,31-01-85,Nowra,Reading
2010,13,Vince Grella,AUS,M,1.82,79,05-10-79,Melbourne,Blackburn R
2010,14,Brett Holman,AUS,M,1.77,69,27-03-84,Bankstown,AZ Alkmaar
2010,15,Mile Jedinak,AUS,M,1.89,88,03-08-84,Sydney,Gençlerbirliği
2010,16,Carl Valeri,AUS,M,1.8,77,14-08-84,Canberra,Sassuolo
2010,17,Nikita Rukavytsya,AUS,F,1.83,74,22-06-87,Mykolaiv,FC Twente
2010,18,Eugene Galeković,AUS,G,1.86,91,12-06-81,Melbourne,Adelaide U
2010,19,Richard Garcia,AUS,M,1.8,72,04-09-81,Perth [AUS],Hull C
2010,20,Mark Milligan,AUS,D,1.8,78,04-08-85,Auburn,JEF United
2010,21,David Carney,AUS,D,1.8,70,30-11-83,Sydney,FC Twente
2010,22,Dario Vidošić,AUS,M,1.85,75,08-04-87,Osijek,Nürnberg
2010,23,Mark Bresciano,AUS,M,1.82,73,11-02-80,Melbourne,Palermo
2010,1,Manuel Neuer,GER,G,1.92,90,27-03-86,Gelsenkirchen,Schalke
2010,2,Marcell Jansen,GER,D,1.91,84,04-11-85,Mönchengladbach,Hamburg
2010,3,Arne Friedrich,GER,D,1.85,76,29-05-79,Bad Oeynhausen,Hertha Berlin
2010,4,Dennis Aogo,GER,D,1.83,85,14-01-87,Karlsruhe,Hamburg
2010,5,Serdar Taşçı,GER,D,1.86,80,24-04-87,Esslingen,Stuttgart
2010,6,Sami Khedira,GER,M,1.89,83,4-4-87,Stuttgart,Stuttgart
2010,7,Bastian Schweinsteiger,GER,M,1.83,79,01-08-84,Kolbermoor,Bayern Munich
2010,8,Mesut Özil,GER,M,1.82,73,15-10-88,Gelsenkirchen,Werder Bremen
2010,9,Stephan Kießling,GER,F,1.9,80,25-01-84,Lichtenfels,Bayer Leverkusen
2010,10,Lukas Podolski,GER,F,1.82,83,04-06-85,Gliwice,Köln
2010,11,Miroslav Klose,GER,F,1.82,81,09-06-78,Opole,Bayern Munich
2010,12,Tim Wiese,GER,G,1.93,91,17-12-81,Bergisch-Gladbach,Werder Bremen
2010,13,Thomas Müller,GER,M,1.86,74,13-09-89,Weilheim in Oberbayern,Bayern Munich
2010,14,Holger Badstuber,GER,D,1.89,78,13-03-89,Memmingen,Bayern Munich
2010,15,Piotr Trochowski,GER,M,1.69,70,22-03-84,Dirschau,Hamburg
2010,16,Philipp Lahm,GER,D,1.7,62,11-11-83,Munich,Bayern Munich
2010,17,Per Mertesacker,GER,D,1.98,90,29-09-84,Hannover,Werder Bremen
2010,18,Toni Kroos,GER,M,1.82,71,04-01-90,Greifswald,Bayern Munich
2010,19,Cacau,GER,F,1.79,74,27-03-81,Santo André,Stuttgart
2010,20,Jerome Boateng,GER,D,1.92,90,03-09-88,Berlin,Hamburg
2010,21,Marko Marin,GER,M,1.7,63,13-03-89,Gradiška,Werder Bremen
2010,22,Hans-Jörg Butt,GER,G,1.91,91,28-05-74,Oldenburg,Bayern Munich
2010,23,Mario Gómez,GER,F,1.89,84,10-07-85,Riedlingen,Bayern Munich
2010,1,Daniel Agyei,GHA,G,1.86,77,10-11-89,Dansoman,Liberty Professionals
2010,2,Hans Sarpei,GHA,D,1.78,71,28-06-76,Tema,Bayer Leverkusen
2010,3,Asamoah Gyan,GHA,F,1.8,80,22-11-85,Accra,Rennes
2010,4,John Paintsil,GHA,D,1.78,68,15-06-81,Berekum,Fulham
2010,5,John Mensah,GHA,D,1.8,81,29-11-82,Obuasi,Lyon
2010,6,Anthony Annan,GHA,M,1.75,68,21-07-86,Accra,Rosenborg
2010,7,Samuel Inkoom,GHA,D,1.79,75,22-08-89,Sekondi-Takoradi,Basel
2010,8,Jonathan Mensah,GHA,D,1.88,75,13-07-90,Accra,Udinese
2010,9,Derek Boateng,GHA,M,1.85,78,02-05-83,Accra,Getafe
2010,10,Stephen Appiah,GHA,M,1.78,77,24-12-80,Achimota,Bologna
2010,11,Sulley Muntari,GHA,M,1.79,76,27-07-84,Konongo,Internazionale
2010,12,Prince Tagoe,GHA,F,1.88,83,09-11-86,Accra,1899 Hoffenheim
2010,13,André Ayew,GHA,F,1.76,72,17-12-89,Seclin,Marseille
2010,14,Matthew Amoah,GHA,F,1.75,66,24-10-80,Tema,NAC Breda
2010,15,Isaac Vorsah,GHA,D,1.92,85,21-06-88,Accra,1899 Hoffenheim
2010,16,Stephen Ahorlu,GHA,G,1.86,78,10-05-89,Kpandu,Heart of Lions
2010,17,Rahim Ayew,GHA,M,1.78,73,27-09-85,Tamale,Zamalek
2010,18,Dominic Adiyiah,GHA,F,1.72,71,10-07-89,Accra,Milan
2010,19,Lee Addy,GHA,D,1.78,72,07-07-90,Accra,Bechem Chelsea
2010,20,Quincy Owusu-Abeyie,GHA,F,1.8,74,15-04-86,Amsterdam,Al-Sadd
2010,21,Kwadwo Asamoah,GHA,M,1.78,78,09-12-88,Accra,Udinese
2010,22,Richard Kingson,GHA,G,1.83,83,13-06-78,Accra,Wigan Ath
2010,23,Kevin-Prince Boateng,GHA,M,1.85,86,06-03-87,Berlin,Portsmouth
2010,1,Vladimir Stojković,SRB,G,1.95,92,28-07-83,Loznica,Sporting CP
2010,2,Antonio Rukavina,SRB,D,1.77,72,26-01-84,Belgrade,1860 Munich
2010,3,Aleksandar Kolarov,SRB,D,1.87,83,10-11-85,Belgrade,Lazio
2010,4,Gojko Kačar,SRB,M,1.86,79,26-01-87,Novi Sad,Hertha Berlin
2010,5,Nemanja Vidić,SRB,D,1.88,82,21-10-81,Užice,Manchester U
2010,6,Branislav Ivanović,SRB,D,1.88,86,22-02-84,Sremska Mitrovica,Chelsea
2010,7,Zoran Tošić,SRB,M,1.71,69,28-04-87,Zrenjanin,Manchester U
2010,8,Danko Lazović,SRB,F,1.85,79,17-05-83,Kragujevac,Zenit St Petersburg
2010,9,Marko Pantelić,SRB,F,1.83,80,15-09-78,Belgrade,Ajax
2010,10,Dejan Stanković,SRB,M,1.81,75,11-09-78,Belgrade,Internazionale
2010,11,Nenad Milijaš,SRB,M,1.88,81,30-04-83,Belgrade,Wolverhampton W
2010,12,Bojan Isailović,SRB,G,1.87,86,25-03-80,Belgrade,Zagłębie Lubin
2010,13,Aleksandar Luković,SRB,D,1.84,73,23-10-82,Kraljevo,Udinese
2010,14,Milan Jovanović,SRB,M,1.83,73,18-04-81,Bajina Bašta,Standard Liège
2010,15,Nikola Žigić,SRB,F,2.02,90,25-09-80,Bačka Topola,Valencia
2010,16,Ivan Obradović,SRB,D,1.81,74,25-07-88,Belgrade,Zaragoza
2010,17,Miloš Krasić,SRB,M,1.86,78,01-11-84,Belgrade,CSKA Moscow
2010,18,Miloš Ninković,SRB,M,1.8,76,25-12-84,Belgrade,Dynamo Kiev
2010,19,Radosav Petrović,SRB,M,1.93,83,08-03-89,Ub,Partizan Belgrade
2010,20,Neven Subotić,SRB,D,1.93,88,10-12-88,Banja Luka,Borussia Dortmund
2010,21,Dragan Mrdja,SRB,F,1.87,77,23-01-84,Belgrade,Vojvodina
2010,22,Zdravko Kuzmanović,SRB,M,1.86,72,22-09-87,Berne,Stuttgart
2010,23,Andjelko Djuričić,SRB,G,1.93,87,21-11-80,Zemun,União de Leiria
2010,1,Idriss Carlos Kameni,CMR,G,1.86,86,18-02-84,Douala,Espanyol
2010,2,Benoīt Assou-Ekotto,CMR,D,1.8,69,24-03-84,Arras,Tottenham H
2010,3,Nicolas Nkoulou,CMR,D,1.8,77,27-03-90,Yaoundé,Monaco
2010,4,Rigobert Song,CMR,D,1.83,76,01-07-76,Nkanglicock,Trabzonspor
2010,5,Sébastien Bassong,CMR,D,1.87,73,09-07-86,Paris,Tottenham H
2010,6,Alexandre Song,CMR,M,1.84,76,09-09-87,Douala,Arsenal
2010,7,Landry N'Guemo,CMR,M,1.73,70,28-11-85,Yaoundé,Nancy
2010,8,Geremi,CMR,M,1.8,78,20-12-78,Bafoussam,Ankaragücü
2010,9,Samuel Eto'o,CMR,F,1.8,75,10-03-81,Nkon,Internazionale
2010,10,Achille Emana,CMR,M,1.8,77,22-07-82,Yaoundé,Betis
2010,11,Jean II Makoun,CMR,M,1.73,69,29-05-83,Yaoundé,Lyon
2010,12,Gaėtan Bong,CMR,D,1.83,74,25-04-88,Sakbayeme,Valenciennes
2010,13,Maxim Choupo-Moting,CMR,F,1.89,82,23-03-89,Hamburg,Hamburg
2010,14,Aurélien Chedjou,CMR,M,1.84,84,20-06-85,Douala,Lille
2010,15,Pierre Webó,CMR,F,1.8,78,20-01-82,Bafoussan,Mallorca
2010,16,Hamidou Souleymanou,CMR,G,1.87,77,22-11-73,Mokolo,Kayserispor
2010,17,Mohammadou Idrissou,CMR,F,1.9,83,08-03-80,Yaoundé,Freiburg
2010,18,Eyong Enoh,CMR,M,1.8,76,23-03-86,Kumba,Ajax
2010,19,Stéphane Mbia,CMR,M,1.89,82,20-05-86,Yaoundé,Marseille
2010,20,Georges Mandjeck,CMR,M,1.83,72,09-12-88,Douala,Stuttgart
2010,21,Joel Matip,CMR,D,1.92,83,08-08-91,Bochum,Schalke
2010,22,Guy Rolland Ndy Assembé,CMR,G,1.84,79,28-02-86,Yaoundé,Nantes
2010,23,Vincent Aboubakar,CMR,F,1.82,78,22-01-92,Garoua,Cotonsport Garoua
2010,1,Thomas Sørensen,DEN,G,1.96,89,12-06-76,Fredericia,Stoke C
2010,2,Christian Poulsen,DEN,M,1.82,76,28-02-80,Asnaes,Juventus
2010,3,Simon Kjær,DEN,D,1.89,82,26-03-89,Horsens,Palermo
2010,4,Daniel Agger,DEN,D,1.87,75,12-12-84,Hvidovre,Liverpool
2010,5,William Kvist,DEN,M,1.84,80,24-02-85,Odder,FC København
2010,6,Lars Jacobsen,DEN,D,1.81,75,20-09-79,Odense,Blackburn R
2010,7,Daniel Jensen,DEN,M,1.8,73,25-06-79,Copenhagen,Werder Bremen
2010,8,Jesper Grønkjær,DEN,M,1.87,82,12-08-77,Nuuk,FC København
2010,9,Jon Dahl Tomasson,DEN,F,1.8,74,29-08-76,Roskilde,Feyenoord
2010,10,Martin Jørgensen,DEN,M,1.8,76,06-10-75,Orstad,Aarhus
2010,11,Nicklas Bendtner,DEN,F,1.92,83,16-01-88,Copenhagen,Arsenal
2010,12,Thomas Kahlenberg,DEN,M,1.83,72,20-03-83,Hvidovre,Wolfsburg
2010,13,Per Krøldrup,DEN,D,1.87,82,31-07-79,Farso,Fiorentina
2010,14,Jakob Poulsen,DEN,M,1.82,72,07-07-83,Varde,Aarhus
2010,15,Simon Poulsen,DEN,D,1.84,76,07-10-84,Sønderborg,AZ Alkmaar
2010,16,Stephan Andersen,DEN,G,1.9,80,26-11-81,Copenhagen,Brøndby
2010,17,Mikkel Beckmann,DEN,M,1.83,76,24-10-83,Lundtoft,Randers
2010,18,Søren Larsen,DEN,F,1.94,90,06-09-81,Køge,Toulouse
2010,19,Dennis Rommedahl,DEN,M,1.77,68,22-07-78,Copenhagen,Ajax
2010,20,Thomas Enevoldsen,DEN,M,1.81,74,27-06-87,Aalborg,FC Groningen
2010,21,Christian Eriksen,DEN,M,1.75,65,14-02-92,Middelfart,Ajax
2010,22,Jesper Christiansen,DEN,G,1.93,89,24-04-78,Roskilde,FC København
2010,23,Patrick Mtiliga,DEN,D,1.72,73,28-01-81,Copenhagen,Málaga
2010,1,Maarten Stekelenburg,NED,G,1.97,92,22-09-82,Haarlem,Ajax
2010,2,Gregory van der Wiel,NED,D,1.81,68,03-02-88,Amsterdam,Ajax
2010,3,John Heitinga,NED,D,1.8,72,15-11-83,Alphen aan den Rijn,Everton
2010,4,Joris Mathijsen,NED,D,1.83,82,05-04-80,Goirle,Hamburg
2010,5,Giovanni van Bronckhorst,NED,D,1.78,76,05-02-75,Rotterdam,Feyenoord
2010,6,Mark van Bommel,NED,M,1.87,85,22-04-77,Maasbracht,Bayern Munich
2010,7,Dirk Kuyt,NED,F,1.84,77,22-07-80,Katwijk,Liverpool
2010,8,Nigel de Jong,NED,M,1.74,72,30-11-84,Amsterdam,Manchester C
2010,9,Robin van Persie,NED,F,1.83,71,06-08-83,Rotterdam,Arsenal
2010,10,Wesley Sneijder,NED,M,1.7,67,09-06-84,Utrecht,Internazionale
2010,11,Arjen Robben,NED,F,1.81,75,23-01-84,Bedum,Bayern Munich
2010,12,Khalid Boulahrouz,NED,D,1.83,74,28-12-81,Maassluis,Stuttgart
2010,13,André Ooijer,NED,D,1.85,80,11-07-74,Amsterdam,PSV Eindhoven
2010,14,Demy de Zeeuw,NED,M,1.74,71,26-05-83,Apeldoorn,Ajax
2010,15,Edson Braafheid,NED,D,1.76,71,08-04-83,Paramaribo,Bayern Munich
2010,16,Michel Vorm,NED,G,1.83,84,20-10-83,Nieuwegein,FC Utrecht
2010,17,Eljero Elia,NED,F,1.76,70,13-02-87,Voorburg,Hamburg
2010,18,Stijn Schaars,NED,M,1.77,77,11-01-84,Gendt,AZ Alkmaar
2010,19,Ryan Babel,NED,F,1.85,78,19-12-86,Amsterdam,Liverpool
2010,20,Ibrahim Afellay,NED,M,1.81,68,02-04-86,Utrecht,PSV Eindhoven
2010,21,Klaas Jan Huntelaar,NED,F,1.86,80,12-08-83,Drempt,Milan
2010,22,Sander Boschker,NED,G,1.86,87,20-10-70,Lichtenvoorde,FC Twente
2010,23,Rafael van der Vaart,NED,M,1.75,74,11-02-83,Heemskerk,Real Madrid
2010,1,Seigo Narazaki,JPN,G,1.87,80,15-04-76,Nara,Nagoya Grampus
2010,2,Yuki Abe,JPN,M,1.77,77,06-09-81,Chiba,Urawa Red Diamonds
2010,3,Yuichi Komano,JPN,D,1.72,76,25-07-81,Wakayama,Júbilo Iwata
2010,4,Marcus Tulio Tanaka,JPN,D,1.85,82,24-04-81,São Paulo,Nagoya Grampus
2010,5,Yuto Nagatomo,JPN,D,1.7,65,12-09-86,Ehime,FC Tokyo
2010,6,Atsuto Uchida,JPN,D,1.76,62,27-03-88,Shizuoka,Kashima Antlers
2010,7,Yasuhito Endo,JPN,M,1.78,75,28-01-80,Kagoshima,Gamba Osaka
2010,8,Daisuke Matsui,JPN,M,1.75,67,11-05-81,Kyoto,Grenoble
2010,9,Shinji Okazaki,JPN,F,1.73,70,16-04-86,Hyogo,Shimizu S-Pulse
2010,10,Shunsuke Nakamura,JPN,M,1.78,69,24-06-78,Yokohama,Yokohama F Marinos
2010,11,Keiji Tamada,JPN,F,1.73,67,11-04-80,Chiba,Nagoya Grampus
2010,12,Kisho Yano,JPN,F,1.85,74,05-04-84,Shizuoka,Albirex Niigata
2010,13,Daiki Iwamasa,JPN,D,1.87,85,30-01-82,Yamaguchi,Kashima Antlers
2010,14,Kengo Nakamura,JPN,M,1.75,67,31-10-80,Tokyo,Kawasaki Frontale
2010,15,Yasuyuki Konno,JPN,D,1.78,73,25-01-83,Miyagi,FC Tokyo
2010,16,Yoshito Ōkubo,JPN,F,1.7,73,09-06-82,Fukuoka,Vissel Kobe
2010,17,Makoto Hasebe,JPN,M,1.77,65,18-01-84,Shizuoka,Wolfsburg
2010,18,Keisuke Honda,JPN,M,1.82,75,13-06-86,Osaka,CSKA Moscow
2010,19,Takayuki Morimoto,JPN,F,1.8,70,07-05-88,Tokyo,Catania
2010,20,Junichi Inamoto,JPN,M,1.81,75,18-09-79,Yūsui,Kawasaki Frontale
2010,21,Eiji Kawashima,JPN,G,1.85,80,20-03-83,Saitama,Kawasaki Frontale
2010,22,Yuji Nakazawa,JPN,D,1.87,78,25-02-78,Saitama,Yokohama F Marinos
2010,23,Yoshikatsu Kawaguchi,JPN,G,1.8,77,15-08-75,Shizuoka,Júbilo Iwata
2010,1,Gianluigi Buffon,ITA,G,1.91,83,28-01-78,Carrara,Juventus
2010,2,Christian Maggio,ITA,D,1.84,79,11-02-82,Montecchio Maggiore,Napoli
2010,3,Domenico Criscito,ITA,D,1.83,70,30-12-86,Cercola,Genoa
2010,4,Giorgio Chiellini,ITA,D,1.86,76,14-08-84,Pisa,Juventus
2010,5,Fabio Cannavaro,ITA,D,1.76,75,13-09-73,Naples,Juventus
2010,6,Daniele De Rossi,ITA,M,1.84,79,24-07-83,Rome,Roma
2010,7,Simone Pepe,ITA,M,1.78,73,30-08-83,Albano Laziale,Udinese
2010,8,Gennaro Gattuso,ITA,M,1.77,77,09-01-78,Corigliano,Milan
2010,9,Vincenzo Iaquinta,ITA,F,1.91,84,21-11-79,Cutro,Juventus
2010,10,Antonio Di Natale,ITA,F,1.7,65,13-10-77,Naples,Udinese
2010,11,Alberto Gilardino,ITA,F,1.84,79,05-07-82,Biella,Fiorentina
2010,12,Federico Marchetti,ITA,G,1.86,76,07-02-83,Bassano del Grappa,Cagliari
2010,13,Salvatore Bocchetti,ITA,D,1.78,70,30-11-86,Naples,Genoa
2010,14,Morgan De Sanctis,ITA,G,1.9,86,26-03-77,Guardiagrele,Napoli
2010,15,Claudio Marchisio,ITA,M,1.79,66,19-01-86,Cercola,Juventus
2010,16,Mauro Camoranesi,ITA,M,1.74,70,04-10-76,Tandil,Juventus
2010,17,Angelo Palombo,ITA,M,1.77,77,25-09-81,Ferentino,Sampdoria
2010,18,Fabio Quagliarella,ITA,F,1.82,73,31-01-83,Castellamare di Stabia,Napoli
2010,19,Gianluca Zambrotta,ITA,D,1.81,76,19-02-77,Como,Milan
2010,20,Giampaolo Pazzini,ITA,F,1.8,74,02-08-84,Monsummano,Sampdoria
2010,21,Andrea Pirlo,ITA,M,1.77,68,19-05-79,Brescia,Milan
2010,22,Riccardo Montolivo,ITA,M,1.82,79,18-01-85,Milan,Fiorentina
2010,23,Leonardo Bonucci,ITA,D,1.9,82,01-05-87,Viterbo,Bari
2010,1,Mark Paston,NZL,G,1.94,90,13-12-76,Hastings [NZL],Wellington Phoenix
2010,2,Ben Sigmund,NZL,D,1.8,84,03-02-81,Blenheim,Wellington Phoenix
2010,3,Tony Lochhead,NZL,D,1.83,75,12-01-82,Tauranga,Wellington Phoenix
2010,4,Winston Reid,NZL,D,1.9,87,03-07-88,Auckland,FC Midtjylland
2010,5,Ivan Vicelich,NZL,D,1.9,84,03-09-76,Auckland,Auckland C
2010,6,Ryan Nelsen,NZL,D,1.83,90,18-10-77,Christchurch,Blackburn R
2010,7,Simon Elliott,NZL,M,1.8,77,10-06-74,Wellington,Un-attached
2010,8,Tim Brown,NZL,M,1.85,77,06-03-81,Ascot,Wellington Phoenix
2010,9,Shane Smeltz,NZL,F,1.85,80,29-09-81,Göppingen,Gold Coast U
2010,10,Chris Killen,NZL,F,1.83,71,08-10-81,Wellington,Middlesbrough
2010,11,Leo Bertos,NZL,M,1.77,79,20-12-81,Wellington,Wellington Phoenix
2010,12,Glen Moss,NZL,G,1.87,90,19-01-83,Hastings [NZL],Melbourne Victory
2010,13,Andrew Barron,NZL,M,1.77,70,24-12-80,Invercargill,Team Wellington
2010,14,Rory Fallon,NZL,F,1.88,74,20-03-82,Gisbourne,Plymouth Arg
2010,15,Michael McGlinchey,NZL,M,1.75,68,07-01-87,Wellington,Central Coast Mariners
2010,16,Aaron Clapham,NZL,M,1.72,63,15-01-87,Christchurch,Canterbury U
2010,17,David Mulligan,NZL,D,1.73,70,24-03-82,Fazakerley,Un-attached
2010,18,Andrew Boyens,NZL,D,1.93,90,18-09-83,Dunedin,New York Red Bulls
2010,19,Tommy Smith,NZL,D,1.86,77,31-03-90,Macclesfield,Ipswich T
2010,20,Chris Wood,NZL,F,1.91,91,07-12-91,Auckland,WBA
2010,21,Jeremy Christie,NZL,M,1.8,75,22-05-83,Whangerei,FC Tampa Bay
2010,22,Jeremy Brockie,NZL,F,1.8,78,07-10-87,Christchurch,Newcastle U Jets
2010,23,James Bannatyne,NZL,G,1.95,95,30-06-75,Lower Hutt,Team Wellington
2010,1,Justo Villar,PAR,G,1.8,80,30-06-77,Cerrito,Valladolid
2010,2,Darío Verón,PAR,D,1.81,80,16-07-79,San Ignacio,UNAM
2010,3,Claudio Morel Rodríguez,PAR,D,1.75,76,02-02-78,Asunción,Boca Juniors
2010,4,Denis Caniza,PAR,D,1.74,73,29-08-74,Bella Vista,León
2010,5,Júlio César Cáceres,PAR,D,1.81,80,05-10-79,San José de los Aroyos,Atlético Mineiro
2010,6,Carlos Bonet,PAR,D,1.76,77,02-10-77,Asunción,Olimpia [PAR]
2010,7,Óscar Cardozo,PAR,F,1.93,87,20-05-83,Campo 9,Benfica
2010,8,Edgar Barreto,PAR,M,1.82,77,15-07-84,Asunción,Atalanta
2010,9,Roque Santa Cruz,PAR,F,1.87,80,16-08-81,Asunción,Manchester C
2010,10,Edgar Benítez,PAR,F,1.76,71,08-11-87,Repatriación,Pachuca
2010,11,Jonathan Santana,PAR,M,1.81,80,19-10-81,Capital Federal,Wolfsburg
2010,12,Diego Barreto,PAR,G,1.82,76,16-07-81,Lambaré,Cerro Porteño
2010,13,Enrique Vera,PAR,M,1.79,67,10-03-79,Asunción,América
2010,14,Paulo da Silva,PAR,D,1.81,76,01-02-80,Asunción,Sunderland
2010,15,Víctor Cáceres,PAR,M,1.82,77,25-03-85,Asunción,Libertad
2010,16,Cristian Riveros,PAR,M,1.79,76,16-10-82,J.A. Saldivar,Cruz Azul
2010,17,Aureliano Torres,PAR,D,1.8,70,16-06-82,Luque,San Lorenzo
2010,18,Nelson Haedo Valdez,PAR,F,1.78,71,28-11-83,Caaguazú,Borussia Dortmund
2010,19,Lucas Barrios,PAR,F,1.87,87,13-11-84,San Fernando,Borussia Dortmund
2010,20,Néstor Ortigoza,PAR,M,1.8,79,07-10-84,San Antonio de Padua,Argentinos Juniors
2010,21,Antolín Alcaraz,PAR,D,1.84,80,30-07-82,Roque Gonzalez,Club Brugge
2010,22,Aldo Bobadilla,PAR,G,1.94,87,20-04-76,Pedro Juan Caballero,Independiente Medellín
2010,23,Roberto Gamarra,PAR,F,1.74,75,11-05-81,Caazapá,Libertad
2010,1,Ján Mucha,SVK,G,1.89,87,05-12-82,Belá nad Cirochou,Legia Warszawa
2010,2,Peter Pekarik,SVK,D,1.76,69,30-10-86,Žilina,Wolfsburg
2010,3,Martin Škrteľ,SVK,D,1.91,81,15-12-84,Handlová,Liverpool
2010,4,Marek Čech,SVK,D,1.85,75,26-01-83,Trebišov,WBA
2010,5,Radoslav Zabavnik,SVK,D,1.81,77,16-09-80,Košice,Mainz
2010,6,Zdeno Štrba,SVK,M,1.87,81,09-06-76,Krásno nad Kysucou,Skoda Xanthi
2010,7,Vladimir Weiss,SVK,M,1.75,68,30-11-89,Bratislava,Manchester C
2010,8,Ján Kozák,SVK,M,1.92,87,22-04-80,Košice,FC Timişoara
2010,9,Stanislav Šesták,SVK,F,1.79,72,16-12-82,Prešov,Bochum
2010,10,Marek Sapara,SVK,M,1.76,67,31-07-82,Košice,Ankaragücü
2010,11,Robert Vittek,SVK,F,1.88,84,01-04-82,Bratislava,Lille
2010,12,Dušan Perniš,SVK,G,1.91,91,28-11-84,Nitra,Dundee U
2010,13,Filip Hološko,SVK,F,1.85,80,17-01-84,Piešťany,Beşiktaş
2010,14,Martin Jakubko,SVK,F,1.94,95,26-02-80,Prešov,Saturn
2010,15,Miroslav Stoch,SVK,M,1.68,64,19-10-89,Nitra,Chelsea
2010,16,Ján Ďurica,SVK,D,1.87,85,10-11-81,Bratislava,Lokomotiv Moscow
2010,17,Marek Hamšík,SVK,M,1.83,73,27-07-87,Banská Bystrica,Napoli
2010,18,Erik Jendrišek,SVK,F,1.76,74,26-10-86,Trstená,Kaiserslautern
2010,19,Juraj Kucka,SVK,M,1.86,84,26-02-87,Bojnice,Sparta Prague
2010,20,Kamil Kopúnek,SVK,M,1.79,71,18-05-84,Trnava,Spartak Trnava
2010,21,Kornel Saláta,SVK,D,1.91,89,24-01-85,Kamenica nad Hronom,Slovan Bratislava
2010,22,Martin Petráš,SVK,D,1.86,82,02-11-79,Prievidza,Cesena
2010,23,Dušan Kuciak,SVK,G,1.94,87,21-05-85,Bratislava,FC Vaslui
2010,1,Júlio César,BRA,G,1.86,79,03-09-79,Rio de Janeiro,Internazionale
2010,2,Maicon,BRA,D,1.84,77,26-07-81,Criciúma,Internazionale
2010,3,Lúcio,BRA,D,1.88,84,08-05-78,Brasília,Internazionale
2010,4,Juan,BRA,D,1.82,78,01-02-79,Rio de Janeiro,Roma
2010,5,Felipe Melo,BRA,M,1.83,73,26-08-83,Volta Redonda,Juventus
2010,6,Michel Bastos,BRA,M,1.78,74,02-08-83,Pelotas,Lyon
2010,7,Elano,BRA,M,1.74,65,14-06-81,Iracemápolis,Galatasaray
2010,8,Gilberto Silva,BRA,M,1.84,74,07-10-76,Lagoa da Prata,Panathinaikos
2010,9,Luís Fabiano,BRA,F,1.83,81,08-11-80,Campinas,Sevilla
2010,10,Kaká,BRA,M,1.86,83,22-04-82,Brasília,Real Madrid
2010,11,Robinho,BRA,F,1.72,60,25-01-84,São Vicente,Manchester C
2010,12,Heurelho Gomes,BRA,G,1.91,82,15-02-81,João Pinheiro,Tottenham H
2010,13,Daniel Alves,BRA,D,1.73,64,06-05-83,Juazeiro,Barcelona
2010,14,Luisão,BRA,D,1.93,95,13-02-81,Amparo,Benfica
2010,15,Thiago Silva,BRA,D,1.83,79,22-09-84,Rio de Janeiro,Milan
2010,16,Gilberto,BRA,D,1.8,78,25-04-76,Rio de Janeiro,Cruzeiro
2010,17,Josué,BRA,M,1.69,63,19-07-79,Vitoria de Santo Antão,Wolfsburg
2010,18,Ramires,BRA,M,1.79,65,24-03-87,Rio de Janeiro,Benfica
2010,19,Júlio Baptista,BRA,M,1.83,72,01-10-81,São Paulo,Roma
2010,20,Kléberson,BRA,M,1.75,64,19-06-79,Urai,Flamengo
2010,21,Nilmar,BRA,F,1.8,70,14-07-84,Bandeirantes,Villarreal
2010,22,Doni,BRA,G,1.94,90,22-10-79,Jundiaí,Roma
2010,23,Grafite,BRA,F,1.89,81,02-04-79,Jundiaí,Wolfsburg
2010,1,"Barry ""Copa"" Boubacar",CIV,G,1.8,69,30-12-79,Marcory,Lokeren
2010,2,Angoua Brou Benjamin,CIV,D,1.78,69,28-11-86,Anyama,Valenciennes
2010,3,Arthur Boka,CIV,D,1.66,67,02-04-83,Abidjan,Stuttgart
2010,4,Kolo Touré,CIV,D,1.83,76,19-03-81,Sokoura Bouaké,Manchester C
2010,5,Didier Zokora,CIV,M,1.79,72,14-12-80,Abidjan,Sevilla
2010,6,Steve Gohouri,CIV,D,1.88,88,08-02-81,Treichville,Wigan Ath
2010,7,Seydou Doumbia,CIV,F,1.78,70,31-12-87,Yamoussoukro,Young Boys
2010,8,Salomon Kalou,CIV,F,1.84,77,05-08-85,Oumé,Chelsea
2010,9,Cheik Ismael Tioté,CIV,M,1.8,79,21-06-86,Yamoussoukro,FC Twente
2010,10,"Kouassi Gervais ""Gervinho"" Yao",CIV,F,1.79,68,27-05-87,Anyama,Lille
2010,11,Didier Drogba,CIV,F,1.89,91,11-03-78,Abidjan,Chelsea
2010,12,Jean-Jacques Gosso,CIV,M,1.77,75,15-03-83,Abidjan,Monaco
2010,13,N'Dri Romaric,CIV,M,1.87,88,04-06-83,Abidjan,Sevilla
2010,14,Emmanuel Koné,CIV,M,1.77,65,31-12-86,Abongoua,CFR Cluj
2010,15,Aruna Dindane,CIV,F,1.74,80,26-11-80,Abidjan,Lens
2010,16,Aristide Zogbo,CIV,G,1.84,80,30-12-81,Abidjan,Maccabi Netanya
2010,17,Siaka Tiéné,CIV,D,1.76,72,22-02-82,Abidjan,Valenciennes
2010,18,Abdul Kader Keïta,CIV,F,1.84,78,06-08-81,Abidjan,Galatasaray
2010,19,Yaya Touré,CIV,M,1.91,90,13-05-83,Sokoura Bouaké,Barcelona
2010,20,Guy Demel,CIV,D,1.88,88,13-06-81,Orsay,Hamburg
2010,21,Emmanuel Eboué,CIV,D,1.78,72,04-06-83,Abidjan,Arsenal
2010,22,Souleymane Bamba,CIV,D,1.9,90,13-01-85,Ivry-sur-Seine,Hibernian
2010,23,Daniel Yeboah,CIV,G,1.87,84,13-11-84,Treichville,ASEC Mimosas
2010,1,Ri Myong-Guk,PRK,G,1.88,79,09-09-86,Pyongyang,Pyongyang C
2010,2,Cha Jong-Hyok,PRK,D,1.78,76,25-09-85,Pyongyang,Amrokgang
2010,3,Ri Jun-Il,PRK,D,1.78,74,24-08-87,Pyongyang,Sobaeksu
2010,4,Pak Nam-Chol,PRK,M,1.71,73,02-07-85,Pyongyang,April 25 Sports Club
2010,5,Ri Kwang-Chon,PRK,D,1.82,74,04-09-85,Nampho,April 25 Sports Club
2010,6,Kim Kum-Il,PRK,F,1.71,67,10-10-87,Pyongyang,April 25 Sports Club
2010,7,An Chol-Hyok,PRK,F,1.78,72,27-06-85,Kanggye,Rimyongsu
2010,8,Ji Yum-Nam,PRK,M,1.76,72,20-11-76,Pyongyang,April 25 Sports Club
2010,9,Jong Tae-Se,PRK,F,1.81,80,02-03-84,Nagoya,Kawasaki Frontale
2010,10,Hong Yong-Jo,PRK,F,1.75,68,22-05-82,Pyongyang,FC Rostov
2010,11,Mun In-Guk,PRK,M,1.68,65,29-09-78,Pyongyang,April 25 Sports Club
2010,12,Choe Kum-Chol,PRK,F,1.77,75,09-02-87,Pyongyang,April 25 Sports Club
2010,13,Pak Chol-Jin,PRK,D,1.85,78,05-09-85,Pyongyang,Amrokgang
2010,14,Pak Nam-Chol,PRK,D,1.83,78,03-10-88,Pyongyang,Amrokgang
2010,15,Kim Yong-Jun,PRK,M,1.82,75,19-07-83,Pyongyang,Pyongyang C
2010,16,Nam Song-Chol,PRK,D,1.78,75,07-05-82,Pyongyang,April 25 Sports Club
2010,17,An Yong-Hak,PRK,M,1.82,76,25-10-78,Okayama,Omiya Ardija
2010,18,Kim Myong-Gil,PRK,G,1.8,70,16-10-84,Pyongyang,Amrokgang
2010,19,Ri Chol-Myong,PRK,M,1.72,70,18-02-88,Pyongyang,Pyongyang C
2010,20,Kim Myong-Won,PRK,G,1.79,73,15-07-83,Pyongyang,Amrokgang
2010,21,Ri Kwang-Hyok,PRK,D,1.78,74,17-08-87,Pyongyang,Kyonggongop
2010,22,Kim Kyong-Il,PRK,M,1.71,68,11-12-88,Pyongyang,Rimyongsu
2010,23,Pak Sung-Hyok,PRK,M,1.8,73,30-05-90,Pyongyang,Sobaeksu
2010,1,Eduardo,POR,G,1.87,84,19-09-82,Mirandela,Sporting Braga
2010,2,Bruno Alves,POR,D,1.89,80,27-11-81,Porto,FC Porto
2010,3,Paulo Ferreira,POR,D,1.82,76,18-01-79,Lisbon,Chelsea
2010,4,Rolando,POR,D,1.89,77,31-08-85,São Vicente,FC Porto
2010,5,Duda,POR,M,1.8,76,27-06-80,Lisbon,Málaga
2010,6,Ricardo Carvalho,POR,D,1.83,76,18-05-78,Amarante,Chelsea
2010,7,Cristiano Ronaldo,POR,F,1.86,75,05-02-85,Funchal,Real Madrid
2010,8,Pedro Mendes,POR,M,1.77,77,26-02-79,Guimarães,Sporting CP
2010,9,Liédson,POR,F,1.75,63,17-12-77,Cairú,Sporting CP
2010,10,Danny,POR,M,1.78,70,07-08-83,Caracas,Zenit St Petersburg
2010,11,Simão,POR,F,1.7,64,31-10-79,Constantim,Atlético Madrid
2010,12,Beto,POR,G,1.8,80,01-05-82,Loures,FC Porto
2010,13,Miguel,POR,D,1.79,78,04-01-80,Lisbon,Valencia
2010,14,Miguel Veloso,POR,M,1.8,79,11-05-86,Coimbra,Sporting CP
2010,15,Pepe,POR,D,1.86,72,26-02-83,Maceió,Real Madrid
2010,16,Raul Meireles,POR,M,1.79,69,17-03-83,Porto,FC Porto
2010,17,Ruben Amorim,POR,M,1.78,73,27-01-85,Lisbon,Benfica
2010,18,Hugo Almeida,POR,F,1.91,93,23-05-84,Figueira da Foz,Werder Bremen
2010,19,Tiago,POR,M,1.83,75,02-05-81,Viana do Castelo,Juventus
2010,20,Deco,POR,M,1.74,73,27-08-77,São Bernardo do Campo,Chelsea
2010,21,Ricardo Costa,POR,D,1.83,80,16-05-81,Vila Nova de Gaia,Lille
2010,22,Daniel Fernandes,POR,G,1.93,99,25-09-83,Edmonton [CAN],Bochum
2010,23,Fábio Coentrão,POR,D,1.78,66,11-03-88,Vila do Conde,Benfica
2010,1,Claudio Bravo,CHI,G,1.84,84,13-04-83,Viluco,Real Sociedad
2010,2,Ismael Fuentes,CHI,D,1.81,79,04-08-81,Petroca,Jaguares de Chiapas
2010,3,Waldo Ponce,CHI,D,1.8,69,04-12-82,Los Andes,O'Higgins
2010,4,Mauricio Isla,CHI,D,1.76,75,12-06-88,Buin,Udinese
2010,5,Pablo Contreras,CHI,D,1.81,74,11-09-78,Santiago,PAOK
2010,6,Carlos Carmona,CHI,M,1.79,77,21-02-87,Coquimbo,Reggina
2010,7,Alexis Sánchez,CHI,F,1.68,62,19-12-88,Tocopilla,Udinese
2010,8,Arturo Vidal,CHI,D,1.81,74,22-05-87,Santiago,Bayer Leverkusen
2010,9,Humberto Suazo,CHI,F,1.72,79,10-05-81,San Antonio,Monterrey
2010,10,Jorge Valdivia,CHI,M,1.73,71,19-10-83,Maracaibo,Al-Ain
2010,11,Mark González,CHI,M,1.75,70,10-07-84,Durban,CSKA Moscow
2010,12,Miguel Pinto,CHI,G,1.8,73,04-07-83,Santiago,Universidad de Chile
2010,13,Marco Estrada,CHI,M,1.75,81,28-05-83,Viña del Mar,Universidad de Chile
2010,14,Matías Fernández,CHI,M,1.77,75,15-05-86,Merlo,Sporting CP
2010,15,Jean Beausejour,CHI,M,1.79,80,01-06-84,Santiago,América
2010,16,Fabián Orellana,CHI,F,1.69,68,27-01-86,Santiago,Udinese
2010,17,Gary Medel,CHI,M,1.72,71,03-08-87,Santiago,Universidad Católica
2010,18,Gonzalo Jara,CHI,D,1.78,77,29-08-85,Santiago,WBA
2010,19,Gonzalo Fierro,CHI,F,1.71,70,21-03-83,Santiago,Flamengo
2010,20,Rodrigo Millar,CHI,M,1.83,75,03-11-81,Arauco,Colo-Colo
2010,21,Rodrigo Tello,CHI,M,1.67,70,14-10-79,Santiago,Beşiktaş
2010,22,Esteban Paredes,CHI,F,1.76,78,01-08-80,Santiago,Colo-Colo
2010,23,Luis Marín,CHI,G,1.88,87,18-05-83,Valparaíso,Unión Española
2010,1,Ricardo Canales,HON,G,1.81,78,30-05-82,La Ceiba,Motagua
2010,2,Osman Chávez,HON,D,1.86,91,29-07-84,Santa Fé,Platense
2010,3,Maynor Figueroa,HON,D,1.8,85,02-05-83,Juticalpa,Wigan Ath
2010,4,Johnny Palacios,HON,D,1.83,74,20-12-86,La Ceiba,Olimpia [HON]
2010,5,Víctor Bernárdez,HON,D,1.84,78,24-05-82,La Ceiba,Anderlecht
2010,6,Hendry Thomas,HON,M,1.8,80,23-02-85,La Ceiba,Wigan Ath
2010,7,Ramón Núñez,HON,M,1.65,65,14-11-85,Tegucigalpa,Olimpia [HON]
2010,8,Wilson Palacios,HON,M,1.78,71,29-07-84,La Ceiba,Tottenham H
2010,9,Carlos Pavón,HON,F,1.78,76,09-10-73,Tegucigalpa,Real España
2010,10,Jerry Palacios,HON,F,1.83,81,13-05-82,La Ceiba,Hangzhou Greentown
2010,11,David Suazo,HON,F,1.82,75,05-11-79,San Pedro Sula,Internazionale
2010,12,Georgie Welcome,HON,F,1.9,81,09-03-85,Roatán,Motagua
2010,13,Roger Espinoza,HON,M,1.8,73,25-10-86,Puerto Cortes,Kansas City Wizards
2010,14,Oscar Boniek García,HON,D,1.75,72,04-09-84,Tegucigalpa,Olimpia [HON]
2010,15,Walter Martínez,HON,F,1.68,68,28-03-82,Tegucigalpa,Marathón
2010,16,Mauricio Sabillón,HON,D,1.86,75,11-11-78,Quimistán,Hangzhou Greentown
2010,17,Edgar Álvarez,HON,M,1.72,79,08-01-80,Puerto Cortéz,Bari
2010,18,Noel Valladares,HON,G,1.9,82,03-05-77,Comayagua,Olimpia [HON]
2010,19,Danilo Turcios,HON,M,1.65,65,08-05-78,Sonaguera,Olimpia [HON]
2010,20,Amado Guevara,HON,M,1.8,75,02-05-76,Tegucigalpa,Motagua
2010,21,Emilio Izaguirre,HON,D,1.77,77,10-05-86,Tegucigalpa,Motagua
2010,22,Donis Escober,HON,G,1.8,75,03-02-80,San Ignacio,Olimpia [HON]
2010,23,Sergio Mendoza,HON,D,1.75,77,23-05-81,El Progreso,Motagua
2010,1,Iker Casillas,ESP,G,1.85,79,20-05-81,Madrid,Real Madrid
2010,2,Raúl Albiol,ESP,D,1.87,74,04-09-85,Valencia,Real Madrid
2010,3,Gerard Piqué,ESP,D,1.92,85,02-02-87,Barcelona,Barcelona
2010,4,Carlos Marchena,ESP,D,1.83,78,31-07-79,Las Cabezas,Valencia
2010,5,Carles Puyol,ESP,D,1.78,80,13-04-78,La Pobla de Segur,Barcelona
2010,6,Andrés Iniesta,ESP,M,1.7,65,11-05-84,Fuentealbilla,Barcelona
2010,7,David Villa,ESP,F,1.75,69,03-12-81,Langreo,Valencia
2010,8,Xavi,ESP,M,1.7,68,25-01-80,Terrassa,Barcelona
2010,9,Fernando Torres,ESP,F,1.86,78,20-03-84,Madrid,Liverpool
2010,10,Cesc Fàbregas,ESP,M,1.77,69,04-05-87,Arenys de Mar,Arsenal
2010,11,Joan Capdevila,ESP,D,1.82,78,03-02-78,Tarrega,Villarreal
2010,12,Víctor Valdés,ESP,G,1.83,78,14-01-82,L'Hospitalet de Llobregat,Barcelona
2010,13,Juan Mata,ESP,F,1.7,63,28-04-88,Burgos,Valencia
2010,14,Xabi Alonso,ESP,M,1.83,75,25-11-81,Tolosa,Real Madrid
2010,15,Sergio Ramos,ESP,D,1.83,73,30-03-86,Camas,Real Madrid
2010,16,Sergio Busquets,ESP,M,1.89,73,16-07-88,Sabadell,Barcelona
2010,17,Álvaro Arbeloa,ESP,D,1.83,76,17-01-83,Salamanca,Real Madrid
2010,18,Pedro,ESP,F,1.69,64,28-07-87,Santa Cruz de Tenerife,Barcelona
2010,19,Fernando Llorente,ESP,F,1.95,94,26-02-85,Iruñea,Athletic Bilbao
2010,20,Javi Martínez,ESP,M,1.9,81,02-09-88,Lizarra,Athletic Bilbao
2010,21,David Silva,ESP,M,1.7,67,08-01-86,Arguineguín,Valencia
2010,22,Jesús Navas,ESP,M,1.7,60,21-11-85,Los Palacios,Sevilla
2010,23,Pepe Reina,ESP,G,1.88,92,31-08-82,Madrid,Liverpool
2010,1,Diego Benaglio,SUI,G,1.93,83,08-09-83,Zürich,Wolfsburg
2010,2,Stephan Lichtsteiner,SUI,D,1.81,69,16-01-84,Adligenswil,Lazio
2010,3,Ludovic Magnin,SUI,D,1.86,78,20-04-79,Lausanne,Zürich
2010,4,Philippe Senderos,SUI,D,1.9,84,14-02-85,Geneva,Arsenal
2010,5,Steve von Bergen,SUI,D,1.81,76,10-06-83,Neuchâtel,Hertha Berlin
2010,6,Benjamin Huggel,SUI,M,1.88,91,07-07-77,Dornach,Basel
2010,7,Tranquillo Barnetta,SUI,M,1.78,69,22-05-85,Rotmonten,Bayer Leverkusen
2010,8,Gökhan Inler,SUI,M,1.82,77,27-06-84,Olten,Udinese
2010,9,Alexander Frei,SUI,F,1.79,73,15-07-79,Basel,Basel
2010,10,Blaise Nkufo,SUI,F,1.86,86,25-05-75,Kinshasa,FC Twente
2010,11,Valon Behrami,SUI,M,1.85,78,19-04-85,Mitrovica,West Ham U
2010,12,Marco Wölfli,SUI,G,1.86,85,22-08-82,Grenchen,Young Boys
2010,13,Stéphane Grichting,SUI,D,1.86,80,30-03-79,Sierre,Auxerre
2010,14,Marco Padalino,SUI,M,1.77,73,08-12-83,Viganello,Sampdoria
2010,15,Hakan Yakin,SUI,F,1.8,78,22-02-77,Basel,Luzern
2010,16,Gelson Fernandes,SUI,M,1.83,70,02-09-86,Praia,St-Etienne
2010,17,Reto Ziegler,SUI,D,1.83,79,16-01-86,Geneva,Sampdoria
2010,18,Albert Bunjaku,SUI,F,1.78,77,29-11-83,Gnjilane,Nürnberg
2010,19,Eren Derdiyok,SUI,F,1.9,83,12-06-88,Basel,Bayer Leverkusen
2010,20,Pirmin Schwegler,SUI,M,1.76,74,09-03-87,Ettiswil,Eintracht Frankfurt
2010,21,Johnny Leoni,SUI,G,1.89,80,30-06-84,Sion,Zürich
2010,22,Mario Eggimann,SUI,D,1.9,84,24-01-81,Brugg,Hannover 96
2010,23,Xherdan Shaqiri,SUI,M,1.68,61,10-10-91,Gnjilane,Basel